tree
version=v4
num_class=1
num_tree_per_iteration=1
label_index=0
max_feature_idx=6
objective=binary sigmoid:1
feature_names=dur spkts dpkts sbytes dbytes sttl dttl
feature_infos=[0.014090839011295939:42] [0:9986] [0:69] [0:1242714] [0:519346] [0:255] [0:255]
tree_sizes=879 892 678 788 786 781 893 781 682 570 683 1101 1000 1097 1205 1101 1200 1099 1203 1101 1211 1417 1313 1413 1313 1311 1203 1418 1208 1406 1315 1424 1638 1311 1414 1311 1316 1418 1424 1529 1319 1311 1309 1859 1647 1856 1747 1429 1538 1425 1537 1649 1319 1435 1965 1750 1975 1542 2089 1320 1428 1431 1434 1538 1542 1315 1538 1760 1977 1652 1646 2311 1877 2083 2404 1861 2517 2087 2413 2189 1871 1868 1756 1431 1542 1432 1870 1858 1972 1870 1534 1537 1429 1544 1864 1430 1438 2093 1761 1437 1552 1445 1445 1656 1440 1665 1550 1889 1332 1439 1771 1664 1555 2216 1995 1668 1332 2003 1441 1334 1448 1337 1335 1663 1668 1779 2006 1673 1567 1460 1788 1788 1905 1456 1680 1461 1464 2015 1675 1802 1904 1461 1462 1790 2142 1792 1582 1354 1355 2025

Tree=0
num_leaves=7
num_cat=0
split_feature=1 1 0 0 0 1
split_gain=2387.5 0.192873 2.27374e-13 2.27374e-13 1.13687e-13 1.42109e-14
threshold=107.00000000000001 57.500000000000007 1.4483427736912706 1.3233138187032887 5.5000000000000009 5208.5000000000009
decision_type=2 2 2 2 2 2
left_child=1 4 3 -2 -1 -5
right_child=2 -3 -4 5 -6 -7
leaf_value=-0.76875866569797979 -0.54371159314340178 -0.75897401036951984 -0.54371159314340178 -0.54371159314340178 -0.76875866569797979 -0.54371159314340178
leaf_weight=339.92889314889908 157.96695622801781 5.1100421845912924 5.5543936789035788 7.7761511504650098 9.5535571277141553 5.5543936789035797
leaf_count=1530 711 23 25 35 43 25
internal_value=-0.693774 -0.768618 -0.543712 -0.543712 -0.768759 -0.543712
internal_weight=531.444 354.592 176.852 171.298 349.482 13.3305
internal_count=2392 1596 796 771 1573 60
is_linear=0
shrinkage=1


Tree=1
num_leaves=7
num_cat=0
split_feature=1 1 0 0 3 3
split_gain=2108.09 0.188406 2.27374e-13 1.13687e-13 1.13687e-13 2.84217e-14
threshold=107.00000000000001 57.500000000000007 1.1351499927615321 5.5000000000000009 4338.0000000000009 542167.00000000012
decision_type=2 2 2 2 2 2
left_child=1 3 -2 4 -1 -6
right_child=2 -3 -4 -5 5 -7
leaf_value=-0.073179408750140978 0.13611938767299001 -0.063398129270349338 0.13611938767299001 -0.073179408750140978 -0.073179408750140978 -0.073179408750140978
leaf_weight=264.67994061112404 142.2271129488945 4.9954062700271598 42.761092782020569 9.3059995472431165 61.895717918872833 4.5447904765605918
leaf_count=1223 612 23 184 43 286 21
internal_value=-9.12961e-05 -0.073038 0.136119 -0.0731794 -0.0731794 -0.0731794
internal_weight=530.41 345.422 184.988 340.426 331.12 66.4405
internal_count=2392 1596 796 1573 1530 307
is_linear=0
shrinkage=0.05


Tree=2
num_leaves=5
num_cat=0
split_feature=1 1 0 1
split_gain=1881.55 0.185604 2.27374e-13 1.13687e-13
threshold=107.00000000000001 57.500000000000007 1.4250639614110894 53.500000000000007
decision_type=2 2 2 2
left_child=1 3 -2 -1
right_child=2 -3 -4 -5
leaf_value=-0.071543731929327878 0.12515971076681232 -0.061718798661528511 0.12515971076681232 -0.071543731929327878
leaf_weight=316.30548933148384 183.52170489728451 4.8777588158845893 7.4368272572755805 14.731459915637968
leaf_count=1503 765 23 31 70
internal_value=-0.000160102 -0.0714011 0.12516 -0.0715437
internal_weight=526.873 335.915 190.959 331.037
internal_count=2392 1596 796 1573
is_linear=0
shrinkage=0.05


Tree=3
num_leaves=6
num_cat=0
split_feature=1 1 0 1 1
split_gain=1693.44 0.184194 1.13687e-13 1.13687e-13 7.10543e-15
threshold=107.00000000000001 57.500000000000007 8.5000000000000018 48.500000000000007 55.500000000000007
decision_type=2 2 2 2 2
left_child=1 2 3 -1 -5
right_child=-2 -3 -4 4 -6
leaf_value=-0.070056253711121549 0.11631761405378463 -0.060146053349059328 -0.070056253711121549 -0.070056253711121549 -0.070056253711121549
leaf_weight=295.45703905820847 195.08371096849442 4.758090302348136 4.6995241343975058 16.754825174808506 4.4951969981193534
leaf_count=1446 796 23 23 82 22
internal_value=-0.000213046 -0.0699117 -0.0700563 -0.0700563 -0.0700563
internal_weight=521.248 326.165 321.407 316.707 21.25
internal_count=2392 1596 1573 1550 104
is_linear=0
shrinkage=0.05


Tree=4
num_leaves=6
num_cat=0
split_feature=1 1 0 2 3
split_gain=1534.31 0.183968 2.27374e-13 1.13687e-13 3.55271e-15
threshold=107.00000000000001 57.500000000000007 1.2299067218838491 45.500000000000007 307537.00000000006
decision_type=2 2 2 2 2
left_child=1 3 -2 -1 -5
right_child=2 -3 -4 4 -6
leaf_value=-0.068699284287804308 0.10903544158663231 -0.058666575801530188 0.10903544158663231 -0.068699284287804321 -0.068699284287804294
leaf_weight=298.73893558979034 166.10150563716888 4.6372582316398612 31.531974911689758 7.7260069549083692 5.1506713032722473
leaf_count=1508 669 23 127 39 26
internal_value=-0.000254468 -0.0685522 0.109035 -0.0686993 -0.0686993
internal_weight=513.886 316.253 197.633 311.616 12.8767
internal_count=2392 1596 796 1573 65
is_linear=0
shrinkage=0.05


Tree=5
num_leaves=6
num_cat=0
split_feature=1 1 0 0 4
split_gain=1397.7 0.184763 1.13687e-13 1.13687e-13 1.13687e-13
threshold=107.00000000000001 57.500000000000007 8.5000000000000018 1.4320773903478552 43854.000000000007
decision_type=2 2 2 2 2
left_child=1 2 4 -2 -1
right_child=3 -3 -4 -5 -6
leaf_value=-0.067457786170977613 0.1029370017987828 -0.05726890611271096 -0.067457786170977613 0.1029370017987828 -0.067457786170977613
leaf_weight=289.07347448170185 191.84369659423828 4.5160032361745825 4.4118712097406378 6.9943014383316031 8.2482809573411924
leaf_count=1507 768 23 23 28 43
internal_value=-0.00028732 -0.0673075 -0.0674578 0.102937 -0.0674578
internal_weight=505.088 306.25 301.734 198.838 297.322
internal_count=2392 1596 1573 796 1550
is_linear=0
shrinkage=0.05


Tree=6
num_leaves=7
num_cat=0
split_feature=1 1 0 0 1 1
split_gain=1279.01 0.186452 1.13687e-13 1.13687e-13 1.13687e-13 5.68434e-14
threshold=107.00000000000001 57.500000000000007 1.4517543992024373 1.0897738426579406 55.500000000000007 4.5000000000000009
decision_type=2 2 2 2 2 2
left_child=1 4 3 -2 5 -1
right_child=2 -3 -4 -5 -6 -7
leaf_value=-0.066318963322935159 0.097758897554859003 -0.055943144214614854 0.097758897554859003 0.097758897554859003 -0.066318963322935159 -0.066318963322935159
leaf_weight=201.84408283233643 145.42353478074074 4.3949617594480506 5.4971095621585837 47.974774360656738 4.0814060866832724 85.895046278834343
leaf_count=1088 582 23 22 192 22 463
internal_value=-0.00031368 -0.066165 0.0977589 0.0977589 -0.066319 -0.066319
internal_weight=495.111 296.215 198.895 193.398 291.821 287.739
internal_count=2392 1596 796 774 1573 1551
is_linear=0
shrinkage=0.05


Tree=7
num_leaves=6
num_cat=0
split_feature=1 1 0 0 3
split_gain=1174.86 0.188935 1.13687e-13 1.13687e-13 5.68434e-14
threshold=107.00000000000001 57.500000000000007 1.4483427736912706 1.2936565322401057 210.50000000000003
decision_type=2 2 2 2 2
left_child=1 4 3 -2 -1
right_child=2 -3 -4 -5 -6
leaf_value=-0.065271811778665603 0.093310994750345128 -0.054680693747498399 0.093310994750345128 0.093310994750345128 -0.065271811778665603
leaf_weight=129.40363293886185 173.1058566570282 4.2746783941984168 6.2178827822208396 18.653648346662521 152.5242266356945
leaf_count=722 696 23 25 75 851
internal_value=-0.000335036 -0.0651136 0.093311 0.093311 -0.0652718
internal_weight=484.18 286.203 197.977 191.76 281.928
internal_count=2392 1596 796 771 1573
is_linear=0
shrinkage=0.05


Tree=8
num_leaves=5
num_cat=0
split_feature=1 1 1 4
split_gain=1082.71 0.192128 1.13687e-13 7.10543e-15
threshold=107.00000000000001 57.500000000000007 41.500000000000007 4271.5000000000009
decision_type=2 2 2 2
left_child=1 2 -1 -4
right_child=-2 -3 3 -5
leaf_value=-0.064306826131462588 0.089452426009837077 -0.053474079588672147 -0.064306826131462547 -0.064306826131462588
leaf_weight=250.30399422347546 196.23322749137878 4.1556158214807501 6.7462721318006542 15.049376294016836
leaf_count=1447 796 23 39 87
internal_value=-0.000352482 -0.0641439 -0.0643068 -0.0643068
internal_weight=472.488 276.255 272.1 21.7956
internal_count=2392 1596 1573 126
is_linear=0
shrinkage=0.05


Tree=9
num_leaves=4
num_cat=0
split_feature=1 1 1
split_gain=1000.6 0.195966 1.13687e-13
threshold=107.00000000000001 57.500000000000007 8933.5000000000018
decision_type=2 2 2
left_child=1 -1 -2
right_child=2 -3 -4
leaf_value=-0.063415764471673436 0.086076551588766897 -0.05231674429356005 0.086076551588766897
leaf_weight=262.37329390645027 173.3425966501236 4.0381657779216757 20.45053106546402
leaf_count=1573 712 23 84
internal_value=-0.000366842 -0.0632475 0.0860766
internal_weight=460.205 266.411 193.793
internal_count=2392 1596 796
is_linear=0
shrinkage=0.05


Tree=10
num_leaves=5
num_cat=0
split_feature=1 1 0 0
split_gain=926.983 0.200394 2.27374e-13 5.68434e-14
threshold=107.00000000000001 57.500000000000007 0.73243458807444772 7.5000000000000009
decision_type=2 2 2 2
left_child=1 3 -2 -1
right_child=2 -3 -4 -5
leaf_value=-0.062591405449072213 0.083101102662528417 -0.051202930517143141 0.083101102662528417 -0.062591405449072213
leaf_weight=248.28089118003845 94.187104135751724 3.9226562529802314 96.583722561597824 4.499588966369628
leaf_count=1545 393 23 403 28
internal_value=-0.000378728 -0.0624174 0.0831011 -0.0625914
internal_weight=447.474 256.703 190.771 252.78
internal_count=2392 1596 796 1573
is_linear=0
shrinkage=0.05


Tree=11
num_leaves=9
num_cat=0
split_feature=1 3 1 1 0 0 3 0
split_gain=860.857 0.450775 0.0577243 0.00252579 5.68434e-14 5.68434e-14 5.68434e-14 7.10543e-15
threshold=63.500000000000007 97253.500000000015 385.00000000000006 57.500000000000007 2.5000000000000004 1.3718466387320432 362631.00000000006 1.4092119438250601
decision_type=2 2 2 2 2 2 2 2
left_child=3 2 -2 4 6 -4 -1 -7
right_child=1 -3 5 -5 -6 7 -8 -9
leaf_value=-0.061827447212157743 0.086112970969604352 0.06457994352178742 0.080461552649594051 -0.063253118819368265 -0.061827447212157743 0.080461552649594051 -0.061827447212157743 0.080461552649594051
leaf_weight=220.29693222045898 4.6355351060628882 4.4962669163942328 163.73988819122314 3.1468629390001288 15.624993085861204 5.6462030410766593 7.4257392883300772 9.4103384017944318
leaf_count=1424 20 20 696 19 101 24 48 40
internal_value=-0.000388624 0.080221 0.0806044 -0.0618456 -0.0618274 0.0804616 -0.0618274 0.0804616
internal_weight=434.423 187.928 183.432 246.495 243.348 178.796 227.723 15.0565
internal_count=2392 800 780 1592 1573 760 1472 64
is_linear=0
shrinkage=0.05


Tree=12
num_leaves=8
num_cat=0
split_feature=1 1 3 1 1 0 0
split_gain=800.724 0.272786 0.000234234 0.000107433 3.51398e-05 5.68434e-14 5.68434e-14
threshold=107.00000000000001 60.500000000000007 96378.500000000015 55.500000000000007 418.00000000000006 8.5000000000000018 2.5000000000000004
decision_type=2 2 2 2 2 2 2
left_child=1 3 4 5 -2 6 -1
right_child=2 -3 -4 -5 -6 -7 -8
leaf_value=-0.061118331972100072 0.077975775735064368 -0.045753671251573522 0.078439529355201543 -0.061377417288782869 0.078106585619837091 -0.061118331972100072 -0.061118331972100072
leaf_weight=215.79171940684319 5.2912679463624945 2.9230302125215522 5.3154709041118613 4.0718021839857093 172.76830226182938 3.422903135418891 11.608106285333632
leaf_count=1450 23 18 23 27 750 23 78
internal_value=-0.000397159 -0.0609339 0.0781125 -0.0611228 0.0781027 -0.0611183 -0.0611183
internal_weight=421.193 237.818 183.375 234.895 178.06 230.823 227.4
internal_count=2392 1596 796 1578 773 1551 1528
is_linear=0
shrinkage=0.05


Tree=13
num_leaves=9
num_cat=0
split_feature=1 3 1 1 1 3 1 0
split_gain=746.328 0.429279 0.0579934 0.002202 9.12826e-09 8.30909e-09 4.13422e-10 5.68434e-14
threshold=63.500000000000007 97253.500000000015 385.00000000000006 57.500000000000007 55.500000000000007 94116.500000000015 617.50000000000011 1.4517543992024373
decision_type=2 2 2 2 2 2 2 2
left_child=3 2 -2 4 -1 6 -4 -8
right_child=1 -3 5 -5 -6 -7 7 -9
leaf_value=-0.060459151258060506 0.081784043967394193 0.060235035188858747 0.075995280085150455 -0.061836255153912403 -0.060456439350337066 0.075992876198692119 0.075994816195146031 0.075994816195146031
leaf_weight=221.89839971065521 4.4380748569965354 4.3468719422817221 4.9512400627136222 2.9406151771545401 3.1469616591930381 5.6262446939945212 155.73812818527222 4.7261570692062369
leaf_count=1551 20 20 22 19 22 25 692 21
internal_value=-0.000404114 0.0757567 0.0761412 -0.0604769 -0.0604591 0.0759948 0.0759948 0.0759948
internal_weight=407.813 179.827 175.48 227.986 225.045 171.042 165.416 160.464
internal_count=2392 800 780 1592 1573 760 735 713
is_linear=0
shrinkage=0.05


Tree=14
num_leaves=10
num_cat=0
split_feature=1 3 1 1 1 3 1 0 0
split_gain=696.421 0.441353 0.0527781 0.00183291 7.56228e-09 6.61151e-09 3.29919e-10 5.68434e-14 5.68434e-14
threshold=63.500000000000007 97253.500000000015 385.00000000000006 57.500000000000007 55.500000000000007 94116.500000000015 617.50000000000011 2.5000000000000004 1.4517543992024373
decision_type=2 2 2 2 2 2 2 2 2
left_child=3 2 -2 4 7 6 -4 -1 -8
right_child=1 -3 5 -5 -6 -7 8 -9 -10
leaf_value=-0.059845533517119277 0.079683864143378552 0.057997344044384502 0.074092964294119643 -0.061126524947353315 -0.059843015218133816 0.074090792078720866 0.074092544607284636 -0.059845533517119277 0.074092544607284636
leaf_weight=199.30301085114479 4.3300266861915579 4.2903045117855063 4.8275746554136267 2.8288510441780081 3.0233874917030326 5.4857072681188574 151.84824073314667 13.882485583424566 4.6081113517284384
leaf_count=1450 20 20 22 19 22 25 692 101 21
internal_value=-0.000410234 0.0738368 0.074234 -0.059862 -0.0598455 0.0740925 0.0740926 -0.0598455 0.0740925
internal_weight=394.428 175.39 171.1 219.038 216.209 166.77 161.284 213.185 156.456
internal_count=2392 800 780 1592 1573 760 735 1551 713
is_linear=0
shrinkage=0.05


Tree=15
num_leaves=9
num_cat=0
split_feature=1 1 3 1 1 3 1 2
split_gain=650.94 0.268165 0.00127932 0.000180913 6.20358e-05 6.99174e-12 3.41061e-13 5.68434e-14
threshold=107.00000000000001 60.500000000000007 96378.500000000015 418.00000000000006 55.500000000000007 93334.500000000015 681.00000000000011 41.500000000000007
decision_type=2 2 2 2 2 2 2 2
left_child=1 4 3 -2 7 6 -5 -1
right_child=2 -3 -4 5 -6 -7 -8 -9
leaf_value=-0.059273605243981391 0.072063134769320067 -0.043505515125654731 0.073176533632099819 0.072371983382614469 -0.059482603201469891 0.072372052975626336 0.072371995075153045 -0.059273605243981391
leaf_weight=190.57382953166962 4.8857360482215872 2.7304897904396048 4.9763891100883475 5.7663008421659461 3.6132483780384055 5.33917412161827 149.06959170103073 14.121467977762221
leaf_count=1444 23 18 23 27 27 25 698 107
internal_value=-0.000415453 -0.0590732 0.0723867 0.0723629 -0.0592772 0.072372 0.072372 -0.0592736
internal_weight=381.076 211.039 170.037 165.061 208.309 160.175 154.836 204.695
internal_count=2392 1596 796 773 1578 750 725 1551
is_linear=0
shrinkage=0.05


Tree=16
num_leaves=10
num_cat=0
split_feature=1 3 1 1 3 1 1 0 1
split_gain=609.057 0.437342 0.0548612 0.00160212 5.57955e-08 1.79571e-08 2.68244e-09 5.68434e-14 5.68434e-14
threshold=63.500000000000007 97253.500000000015 385.00000000000006 57.500000000000007 94116.500000000015 55.500000000000007 617.50000000000011 1.4320773903478552 30.500000000000004
decision_type=2 2 2 2 2 2 2 2 2
left_child=3 2 -2 5 6 8 -4 -8 -1
right_child=1 -3 4 -5 -6 -7 7 -9 -10
leaf_value=-0.058739898593259433 0.076670832511832224 0.054458767572213053 0.070811320553588547 -0.059980828507021723 0.070804853861621192 -0.05873585563853706 0.0708100900243641 0.0708100900243641 -0.058739898593259433
leaf_weight=174.9056538194418 4.0965289175510398 4.1184321194887152 4.5654851496219626 2.6351626813411704 5.187386378645896 2.7854261398315421 142.56417766213417 5.3954419493675223 21.530746668577194
leaf_count=1381 20 20 22 19 25 22 687 26 170
internal_value=-0.000419634 0.0705488 0.0709583 -0.058756 0.07081 -0.0587398 0.0708101 0.0708101 -0.0587399
internal_weight=367.784 165.927 161.809 201.857 157.712 199.222 152.525 147.96 196.436
internal_count=2392 800 780 1592 760 1573 735 713 1551
is_linear=0
shrinkage=0.05


Tree=17
num_leaves=9
num_cat=0
split_feature=1 1 3 1 1 3 1 0
split_gain=570.639 0.270612 0.00162912 0.00022276 4.33824e-05 2.93312e-11 2.16005e-12 5.68434e-14
threshold=107.00000000000001 60.500000000000007 96378.500000000015 418.00000000000006 55.500000000000007 93334.500000000015 648.50000000000011 1.4483427736912706
decision_type=2 2 2 2 2 2 2 2
left_child=1 4 3 -2 -1 6 -5 -8
right_child=2 -3 -4 5 -6 -7 7 -9
leaf_value=-0.058241309979957981 0.069034022735070588 -0.042012951040079044 0.070319592854843474 0.069387454884866806 -0.058423447397594176 0.069387611257049051 0.069387489571978961 0.069387489571978961
leaf_weight=188.41511486470699 4.592876896262168 2.6027004867792121 4.7237685769796363 4.6308074593543997 3.3270317912101737 5.0335042774677268 136.70959007740021 4.6308108568191519
leaf_count=1551 23 18 23 23 27 25 679 23
internal_value=-0.000423469 -0.0580271 0.0694048 0.0693771 -0.0582445 0.0693875 0.0693875 0.0693875
internal_weight=354.666 194.345 160.321 155.598 191.742 151.005 145.971 141.34
internal_count=2392 1596 796 773 1578 750 725 702
is_linear=0
shrinkage=0.05


Tree=18
num_leaves=10
num_cat=0
split_feature=1 3 1 1 3 1 1 1 4
split_gain=535.067 0.440677 0.0575825 0.00139772 1.29697e-07 2.50264e-08 6.1309e-09 5.68434e-14 1.77636e-15
threshold=63.500000000000007 97253.500000000015 385.00000000000006 57.500000000000007 94116.500000000015 55.500000000000007 617.50000000000011 43.500000000000007 4462.5000000000009
decision_type=2 2 2 2 2 2 2 2 2
left_child=3 2 -2 5 6 7 -4 -1 -9
right_child=1 -3 4 -5 -6 -7 -8 8 -10
leaf_value=-0.057775030483240931 0.074279699341076075 0.051305525401948771 0.068089768168234602 -0.058976926331205132 0.068079614843248412 -0.057770052875606319 0.068087849495823125 -0.057775030483240945 -0.057775030483240931
leaf_weight=169.4551907479763 3.8521121442317954 3.9390558749437323 4.2920223772525778 2.45103596150875 4.8760124295949927 2.5610089004039756 139.0936314612627 5.7067383825778943 5.4738102853298187
leaf_count=1455 20 20 22 19 25 22 713 49 47
internal_value=-0.000426468 0.0678169 0.0682444 -0.0577908 0.0680876 -0.057775 0.0680879 -0.057775 -0.057775
internal_weight=341.701 156.053 152.114 185.648 148.262 183.197 143.386 180.636 11.1805
internal_count=2392 800 780 1592 760 1573 735 1551 96
is_linear=0
shrinkage=0.05


Tree=19
num_leaves=9
num_cat=0
split_feature=1 1 3 1 1 3 1 2
split_gain=502.314 0.274109 0.00186276 0.000248308 3.04593e-05 7.46354e-11 4.91696e-12 5.68434e-14
threshold=107.00000000000001 60.500000000000007 96378.500000000015 418.00000000000006 55.500000000000007 93334.500000000015 648.50000000000011 40.500000000000007
decision_type=2 2 2 2 2 2 2 2
left_child=1 4 3 -2 7 6 -5 -1
right_child=2 -3 -4 5 -6 -7 -8 -9
leaf_value=-0.057338560834185565 0.066511255429360205 -0.040606318944872065 0.067922750795220768 0.066897226817805563 -0.057497763294668242 0.066897481339755538 0.066897280778857982 -0.057338560834185565
leaf_weight=160.48935566842556 4.2919783890247336 2.4813359379768363 4.464581996202468 4.3420716077089301 3.0574888736009589 4.7196793407201758 132.52779293060303 12.61147231608629
leaf_count=1438 23 18 23 23 27 25 702 113
internal_value=-0.000429323 -0.0571089 0.0669167 0.0668859 -0.0573413 0.0668973 0.0668973 -0.0573386
internal_weight=328.986 178.64 150.346 145.882 176.158 141.59 136.87 173.101
internal_count=2392 1596 796 773 1578 750 725 1551
is_linear=0
shrinkage=0.05


Tree=20
num_leaves=10
num_cat=0
split_feature=1 1 3 1 1 3 1 0 2
split_gain=471.845 0.28472 0.00152231 0.000202959 2.56902e-05 6.30678e-11 4.09273e-12 2.84217e-14 2.84217e-14
threshold=107.00000000000001 60.500000000000007 96378.500000000015 418.00000000000006 55.500000000000007 93334.500000000015 648.50000000000011 1.3196350579974616 55.000000000000007
decision_type=2 2 2 2 2 2 2 2 2
left_child=1 4 3 -2 8 6 -5 -8 -1
right_child=2 -3 -4 5 -6 -7 7 -9 -10
leaf_value=-0.056929614798499485 0.065448842492274575 -0.039645526339414316 0.066746330209938504 0.065803826989924902 -0.057078991937042439 0.065804064662790124 0.065803877202064917 0.065803877202064917 -0.056929614798499485
leaf_weight=163.67328642308712 4.1472358256578437 2.4160705208778372 4.3197790682315818 4.1971818357706061 2.9291701018810263 4.5621902495622626 113.87156009674072 14.233945012092589 2.1381226181983939
leaf_count=1531 23 18 23 23 27 25 624 78 20
internal_value=-0.000431481 -0.0566882 0.0658218 0.0657934 -0.0569322 0.0658039 0.0658039 0.0658039 -0.0569296
internal_weight=316.489 171.157 145.332 141.012 168.741 136.865 132.303 128.106 165.811
internal_count=2392 1596 796 773 1578 750 725 702 1551
is_linear=0
shrinkage=0.05


Tree=21
num_leaves=12
num_cat=0
split_feature=1 4 1 1 3 1 1 3 1 1 0
split_gain=443.73 0.44247 0.0653086 0.00125733 0.00112845 3.38844e-08 2.56431e-08 3.44755e-11 1.13687e-13 5.68434e-14 2.84217e-14
threshold=63.500000000000007 145.50000000000003 385.00000000000006 57.500000000000007 96378.500000000015 55.500000000000007 588.00000000000011 93334.500000000015 837.50000000000011 36.500000000000007 0.50039457366462381
decision_type=2 2 2 2 2 2 2 2 2 2 2
left_child=3 2 -2 5 6 9 -4 8 -8 -1 -10
right_child=1 -3 4 -5 -6 -7 7 -9 10 -11 -12
leaf_value=-0.056546132026932441 0.07158872730351841 0.048221610767876594 0.06480152812307792 -0.05774812826485004 0.065651104801906543 -0.056539953311020713 0.064797388344038143 0.064797553769963753 0.064797395327409371 -0.056546132026932441 0.064797395327409371
leaf_weight=144.9480305314064 3.6649457514286032 4.0433834344148627 3.8772936016321173 2.2051037475466719 3.9914744198322287 2.2503830492496482 4.0529194474220267 3.5242988169193259 39.295707508921623 13.819197826087473 78.591415017843246
leaf_count=1416 21 23 22 19 22 22 23 20 223 135 446
internal_value=-0.000433309 0.0645229 0.0650041 -0.0565623 0.0648231 -0.056546 0.0647975 0.0647974 0.0647974 -0.0565461 0.0647974
internal_weight=304.264 141.041 136.998 163.223 133.333 161.018 129.342 125.464 121.94 158.767 117.887
internal_count=2392 800 777 1592 756 1573 734 712 692 1551 669
is_linear=0
shrinkage=0.05


Tree=22
num_leaves=11
num_cat=0
split_feature=1 1 3 1 4 1 3 1 0 0
split_gain=417.417 0.290085 0.00100792 0.000224756 7.17859e-05 1.81087e-05 3.45608e-11 1.02034e-11 2.84217e-14 2.84217e-14
threshold=107.00000000000001 60.500000000000007 96378.500000000015 418.00000000000006 145.50000000000003 55.500000000000007 93334.500000000015 648.50000000000011 7.5000000000000009 1.4136085767277791
decision_type=2 2 2 2 2 2 2 2 2 2
left_child=1 5 3 -2 6 8 7 -5 -1 -9
right_child=2 -3 -4 4 -6 -7 -8 9 -10 -11
leaf_value=-0.056186247898867316 0.063487345999784478 -0.038319570229516882 0.064666583551511239 0.063868886686180681 0.064100794693653887 -0.056317236429931576 0.063869119049850931 0.063868970580178597 -0.056186247898867316 0.063868970580178597
leaf_weight=149.2234493419528 3.8476848900318137 2.3051134645938864 4.0304086059331885 3.7398623526096335 3.4317590147256842 2.6851411163806906 3.9098928570747367 110.6662955135107 2.7434383332729331 5.7798065245151511
leaf_count=1523 23 18 23 22 20 27 23 651 28 34
internal_value=-0.000435194 -0.0559261 0.0638877 0.0638639 0.0638752 -0.0561885 0.063869 0.063869 -0.0561862 0.063869
internal_weight=292.363 156.957 135.406 131.375 127.528 154.652 124.096 120.186 151.967 116.446
internal_count=2392 1596 796 773 750 1578 730 707 1551 685
is_linear=0
shrinkage=0.05


Tree=23
num_leaves=12
num_cat=0
split_feature=1 3 1 1 4 3 1 1 0 0 0
split_gain=393.088 0.469109 0.0721522 0.00109112 5.9481e-05 4.73455e-07 3.17305e-08 1.61133e-08 2.84217e-14 2.84217e-14 1.77636e-15
threshold=63.500000000000007 97253.500000000015 385.00000000000006 57.500000000000007 145.50000000000003 94116.500000000015 55.500000000000007 617.50000000000011 3.5000000000000004 1.373122725486279 1.4517543992024373
decision_type=2 2 2 2 2 2 2 2 2 2 2
left_child=3 2 -2 6 5 7 8 -4 -1 -9 -11
right_child=1 -3 4 -5 -6 -7 -8 9 -10 10 -12
leaf_value=-0.055848246890464727 0.07057648788290917 0.044469583003694142 0.063014337675358689 -0.057010746931715255 0.06322528615591215 0.062992955314962518 -0.055841998785438142 0.06301086510650529 -0.055848246890464727 0.063010865038420141 0.063010865097091959
leaf_weight=138.28298635780811 3.2377864122390738 3.4297752678394309 3.4413793981075278 2.0461904853582373 3.3084411770105353 3.765477091073989 2.0607826858758918 105.02758812904358 7.125089466571807 5.5708860456943494 3.4408414363861084
leaf_count=1475 20 20 21 19 20 23 22 641 76 34 21
internal_value=-0.00043649 0.0627179 0.0632077 -0.0558641 0.0630161 0.0630104 -0.0558482 0.063011 -0.0558482 0.0630109 0.0630109
internal_weight=280.737 131.222 127.792 149.515 124.555 121.246 147.469 117.481 145.408 114.039 9.01173
internal_count=2392 800 780 1592 760 740 1573 717 1551 696 55
is_linear=0
shrinkage=0.05


Tree=24
num_leaves=11
num_cat=0
split_feature=1 1 3 1 4 1 3 1 1 0
split_gain=370.267 0.296171 0.00115211 0.00023177 4.89539e-05 1.28044e-05 1.14284e-10 1.58593e-11 5.68434e-14 2.84217e-14
threshold=107.00000000000001 60.500000000000007 96378.500000000015 418.00000000000006 145.50000000000003 55.500000000000007 93334.500000000015 648.50000000000011 12.500000000000002 1.4517543992024373
decision_type=2 2 2 2 2 2 2 2 2 2
left_child=1 5 3 -2 6 8 7 -5 -1 -9
right_child=2 -3 -4 4 -6 -7 -8 9 -10 -11
leaf_value=-0.055530584890167711 0.06181193443286969 -0.037047503380685624 0.063096240416306501 0.062216227911892255 0.062414999690769184 -0.055645708589940404 0.062216618210175684 0.062216336501832926 -0.055530584890167711 0.062216336501832926
leaf_weight=115.86152699589729 3.5546413362026206 2.2005939930677405 3.7786434590816489 3.47154277563095 3.186901941895484 2.4579669758677474 3.6294099688529959 104.77802515029907 23.226111061871052 3.3137628436088553
leaf_count=1292 23 18 23 22 20 27 23 664 259 21
internal_value=-0.000437917 -0.0552496 0.0622364 0.0622097 0.0622217 -0.0555326 0.0622163 0.0622163 -0.0555306 0.0622163
internal_weight=269.459 143.746 125.713 121.934 118.38 141.546 115.193 111.563 139.088 108.092
internal_count=2392 1596 796 773 750 1578 730 707 1551 685
is_linear=0
shrinkage=0.05


Tree=25
num_leaves=11
num_cat=0
split_feature=1 3 1 1 4 3 1 1 0 3
split_gain=349.095 0.485164 0.0766202 0.000946921 4.07949e-05 4.43371e-07 2.8193e-08 1.68675e-08 5.68434e-14 2.84217e-14
threshold=63.500000000000007 97253.500000000015 385.00000000000006 57.500000000000007 145.50000000000003 94116.500000000015 55.500000000000007 617.50000000000011 8.5000000000000018 92034.500000000015
decision_type=2 2 2 2 2 2 2 2 2 2
left_child=3 2 -2 6 5 7 8 -4 -1 -9
right_child=1 -3 4 -5 -6 -7 -8 9 -10 -11
leaf_value=-0.055231842500521093 0.069576438219533562 0.042124903247820727 0.061483133693596884 -0.056356567238982351 0.061663801537989685 0.061461444654067866 -0.055225684079250437 0.061479443389062804 -0.055231842500521093 0.061479437517993764
leaf_weight=131.02944749593735 3.00095410645008 3.2560421526432028 3.1896095573902121 1.8974102586507786 3.0674643367528907 3.4892260283231726 1.8847485631704319 102.65441787242889 1.9723018929362286 3.0371122211217871
leaf_count=1528 20 20 21 19 20 23 22 676 23 20
internal_value=-0.00043882 0.0611655 0.0616889 -0.0552474 0.0614839 0.061479 -0.0552318 0.0614796 -0.0552318 0.0614794
internal_weight=258.479 121.695 118.439 136.784 115.438 112.37 134.886 108.881 133.002 105.692
internal_count=2392 800 780 1592 760 740 1573 717 1551 696
is_linear=0
shrinkage=0.05


Tree=26
num_leaves=10
num_cat=0
split_feature=1 1 3 1 4 1 3 1 0
split_gain=329.207 0.30263 0.00124469 0.000230509 3.37121e-05 9.07695e-06 1.90681e-10 1.94689e-11 2.84217e-14
threshold=107.00000000000001 60.500000000000007 96378.500000000015 418.00000000000006 145.50000000000003 55.500000000000007 93334.500000000015 648.50000000000011 1.4136085767277791
decision_type=2 2 2 2 2 2 2 2 2
left_child=1 5 3 -2 6 -1 7 -5 -9
right_child=2 -3 -4 4 -6 -7 -8 8 -10
leaf_value=-0.054950710927266048 0.060373684386026263 -0.035830486556784849 0.061739923133716762 0.060794823962194017 0.060966294114879353 -0.055052083982442115 0.060795327968034933 0.060794949048556396 0.060794949048556396
leaf_weight=127.14605326205492 3.2720449268817893 2.1027448773384085 3.5358072966337195 3.2127359807491294 2.9503957629203788 2.2472103908658019 3.3588709831237784 95.0684944242239 4.965174823999404
leaf_count=1551 23 18 23 22 20 27 23 651 34
internal_value=-0.000439919 -0.0546467 0.0608162 0.0607872 0.0607996 -0.0549525 0.060795 0.0607949 0.0607949
internal_weight=247.86 131.496 116.364 112.828 109.556 129.393 106.605 103.246 100.034
internal_count=2392 1596 796 773 750 1578 730 707 685
is_linear=0
shrinkage=0.05


Tree=27
num_leaves=12
num_cat=0
split_feature=1 3 1 1 4 3 1 1 0 0 3
split_gain=310.69 0.504248 0.0814936 0.000821852 2.82386e-05 4.11089e-07 2.41776e-08 1.68889e-08 2.84217e-14 2.84217e-14 2.84217e-14
threshold=63.500000000000007 97253.500000000015 385.00000000000006 57.500000000000007 145.50000000000003 94116.500000000015 55.500000000000007 617.50000000000011 4.5000000000000009 0.070916513194796429 92034.500000000015
decision_type=2 2 2 2 2 2 2 2 2 2 2
left_child=3 2 -2 6 5 7 8 -4 -1 -9 -11
right_child=1 -3 4 -5 -6 -7 -8 9 -10 10 -12
leaf_value=-0.05468601097939986 0.068842923208366172 0.039897686670751081 0.060162063122748577 -0.055774533533113436 0.060317688514737733 0.060140196828305792 -0.054680044209961143 0.060158222196225436 -0.05468601097939986 0.060158222106044171 0.060158216142467871
leaf_weight=117.59833999723196 2.7738362848758689 3.0890670567750922 2.9479870498180381 1.7585121542215336 2.835914507508277 3.2241187840700141 1.7218086123466481 4.6313931047916403 3.9173331111669532 90.241993099451065 2.806903973221778
leaf_count=1501 20 20 21 19 20 23 22 33 50 643 20
internal_value=-0.000440527 0.0598198 0.060382 -0.0547012 0.060162 0.0601578 -0.0546859 0.0601583 -0.054686 0.0601582 0.0601582
internal_weight=237.547 112.551 109.462 124.996 106.688 103.852 123.237 100.628 121.516 97.6803 93.0489
internal_count=2392 800 780 1592 760 740 1573 717 1551 696 663
is_linear=0
shrinkage=0.05


Tree=28
num_leaves=10
num_cat=0
split_feature=1 1 3 1 1 4 3 1 2
split_gain=293.285 0.441004 0.00129469 0.000223189 0.00010614 2.3415e-05 2.55739e-10 2.19131e-11 2.84217e-14
threshold=107.00000000000001 62.500000000000007 96378.500000000015 418.00000000000006 55.500000000000007 145.50000000000003 93334.500000000015 648.50000000000011 47.500000000000007
decision_type=2 2 2 2 2 2 2 2 2
left_child=1 4 3 -2 8 6 7 -5 -1
right_child=2 -3 -4 5 -6 -7 -8 -9 -10
leaf_value=-0.054436632748192632 0.059131692020698762 -0.026842122516989017 0.060561937867379539 0.059565000482990439 -0.054759738875194398 0.059713751805200513 0.059565595743269167 0.059565138608229519 -0.054436632748192632
leaf_weight=114.08423146605492 3.0022181421518317 1.4650123119354237 3.3036440461873999 2.9654823541641226 2.5986172184348098 2.7241951525211325 3.1004076451063147 92.335255593061447 2.0211773291230193
leaf_count=1524 23 12 23 22 33 20 23 685 27
internal_value=-0.000441384 -0.0541072 0.0595875 0.0595565 -0.0544437 0.0595692 0.0595651 0.0595651 -0.0544366
internal_weight=227.6 120.169 107.431 104.128 118.704 101.125 98.4011 95.3007 116.105
internal_count=2392 1596 796 773 1584 750 730 707 1551
is_linear=0
shrinkage=0.05


Tree=29
num_leaves=12
num_cat=0
split_feature=1 4 1 3 1 1 1 3 1 0 1
split_gain=276.996 0.538456 0.0819187 0.000989374 0.000689089 2.9597e-08 2.76094e-08 1.58138e-10 3.2685e-13 2.84217e-14 1.77636e-15
threshold=63.500000000000007 145.50000000000003 385.00000000000006 96378.500000000015 57.500000000000007 588.00000000000011 55.500000000000007 93334.500000000015 837.50000000000011 1.3196350579974616 3515.0000000000005
decision_type=2 2 2 2 2 2 2 2 2 2 2
left_child=4 2 -2 5 6 -4 -1 8 -7 -10 -11
right_child=1 -3 3 -5 -6 7 -8 -9 9 10 -12
leaf_value=-0.054201568644530219 0.0678696855652553 0.038268002268484043 0.059017218160079633 0.059929498385684815 -0.055238514882606171 0.059012014877228916 -0.054194893592159267 0.059012427984516759 0.059012032111734648 0.059012032111734669 0.059012032111734641
leaf_weight=110.9097366258502 2.6995479911565772 3.1450243592262259 2.8477855175733557 3.0334095954895011 1.6250022128224362 2.9760397225618354 1.5710744261741627 2.5879433304071418 76.988948136568069 2.5878638029098493 6.9872322678565979
leaf_count=1551 21 23 22 22 19 23 22 20 595 20 54
internal_value=-0.000441803 0.058641 0.0592773 0.0590406 -0.0542162 0.0590122 -0.0542015 0.059012 0.059012 0.059012 0.059012
internal_weight=217.96 103.854 100.709 98.0092 114.106 94.9758 112.481 92.128 89.5401 86.564 9.5751
internal_count=2392 800 777 756 1592 734 1573 712 692 669 74
is_linear=0
shrinkage=0.05


Tree=30
num_leaves=11
num_cat=0
split_feature=1 1 3 1 4 1 3 1 0 1
split_gain=261.74 0.438738 0.000892802 0.000213611 9.61513e-05 7.65587e-05 1.75007e-10 2.44142e-11 2.84217e-14 1.42109e-14
threshold=107.00000000000001 62.500000000000007 96378.500000000015 418.00000000000006 145.50000000000003 55.500000000000007 93334.500000000015 648.50000000000011 1.3989154468262859 38.500000000000007
decision_type=2 2 2 2 2 2 2 2 2 2
left_child=1 5 3 -2 6 9 7 -5 -9 -1
right_child=2 -3 -4 4 -6 -7 -8 8 -10 -11
leaf_value=-0.053979901527017454 0.058056786064135751 -0.026064086116362451 0.059360621190838882 0.058495442776115916 0.058807117222056261 -0.054267125930554772 0.058495987723162446 0.05849559467754533 0.058495594803562895 -0.053979901527017454
leaf_weight=97.864271529018879 2.7474232241511336 1.425369769334792 3.0473448783159247 2.7310815751552573 2.5466786921024314 2.3719724938273421 2.8553512692451468 80.195514500141144 4.8415248692035666 8.0586071461439115
leaf_count=1433 23 12 23 22 20 33 23 646 39 118
internal_value=-0.000442491 -0.0536235 0.0585181 0.0584913 0.0585041 -0.0539862 0.0584956 0.0584956 0.0584956 -0.0539799
internal_weight=208.685 109.72 98.9649 95.9176 93.1702 108.295 90.6235 87.7681 85.037 105.923
internal_count=2392 1596 796 773 750 1584 730 707 685 1551
is_linear=0
shrinkage=0.05


Tree=31
num_leaves=12
num_cat=0
split_feature=1 1 3 1 4 1 3 1 1 1 2
split_gain=247.356 0.451684 0.000748844 0.000179162 8.06074e-05 6.52319e-05 1.45818e-10 2.251e-11 1.42109e-14 1.77636e-15 1.77636e-15
threshold=107.00000000000001 62.500000000000007 96378.500000000015 418.00000000000006 145.50000000000003 55.500000000000007 93334.500000000015 648.50000000000011 30.500000000000004 54.500000000000007 38.500000000000007
decision_type=2 2 2 2 2 2 2 2 2 2 2
left_child=1 5 3 -2 6 8 7 -5 -1 10 -10
right_child=2 -3 -4 4 -6 -7 -8 -9 9 -11 -12
leaf_value=-0.053770761244192167 0.057602429516654778 -0.025197689821111237 0.058821584931313481 0.058012750518053852 0.058304131928284098 -0.054042050804101162 0.058013265502302271 0.05801289939443819 -0.053770761244192201 -0.053770761244192104 -0.05377076124419216
leaf_weight=90.053435303270817 2.6335209906101218 1.4012844115495671 2.9246130287647238 2.6189520657062522 2.4428436309099189 2.265449494123458 2.7381208911538115 81.545695431530476 3.7821138650178874 1.4998037740588195 5.8035885170102119
leaf_count=1381 23 12 23 22 20 33 23 685 58 23 89
internal_value=-0.000442738 -0.0533946 0.0580339 0.0580089 0.0580209 -0.0537767 0.0580129 0.0580129 -0.0537708 -0.0537708 -0.0537708
internal_weight=199.709 104.806 94.9037 91.9791 89.3456 103.404 86.9028 84.1646 101.139 11.0855 9.5857
internal_count=2392 1596 796 773 750 1584 730 707 1551 170 147
is_linear=0
shrinkage=0.05


Tree=32
num_leaves=14
num_cat=0
split_feature=1 3 1 1 4 3 1 1 1 0 1 2 2
split_gain=233.926 0.578133 0.0988548 0.000575232 6.79571e-05 4.02878e-07 3.15404e-08 1.6432e-08 5.68434e-14 1.42109e-14 1.42109e-14 1.42109e-14 4.44089e-16
threshold=63.500000000000007 97253.500000000015 385.00000000000006 57.500000000000007 145.50000000000003 94116.500000000015 55.500000000000007 617.50000000000011 928.00000000000011 0.93187899834010046 43.500000000000007 33.500000000000007 55.000000000000007
decision_type=2 2 2 2 2 2 2 2 2 2 2 2 2
left_child=3 2 -2 6 5 7 10 -4 -9 -10 11 -1 -13
right_child=1 -3 4 -5 -6 -7 -8 8 9 -11 -12 12 -14
leaf_value=-0.053573360849809584 0.068152064644887933 0.034147938363465899 0.057565471417770166 -0.054576401933296048 0.057833813549421735 0.057541472007809874 -0.053565712391855091 0.057561275424883943 0.057561269468604383 0.057561269560452447 -0.053573360849809584 -0.05357336084980957 -0.053573360849809543
leaf_weight=87.214159492403269 2.2637522816658011 2.6522299498319617 2.3971792235970488 1.4502336382865895 2.3421221673488608 2.6192903518676749 1.3669892549514759 3.194936364889144 47.353515364229679 28.868528924882412 5.9761308431625357 2.1165463402867313 1.2450272589921949
leaf_count=1401 20 20 21 19 20 23 22 28 415 253 96 34 20
internal_value=-0.000442916 0.057152 0.0578372 -0.0535879 0.0575681 0.0575608 -0.0535733 0.0575614 0.0575613 0.0575613 -0.0535734 -0.0535734 -0.0535734
internal_weight=191.061 91.6916 89.0393 99.3691 86.7756 84.4335 97.9189 81.8142 79.417 76.222 96.5519 90.5757 3.36157
internal_count=2392 800 780 1592 760 740 1573 717 696 668 1551 1455 54
is_linear=0
shrinkage=0.05


Tree=33
num_leaves=11
num_cat=0
split_feature=1 1 3 1 4 1 3 1 3 0
split_gain=221.234 0.45032 0.000798338 0.000169871 5.69062e-05 4.71589e-05 1.75874e-10 2.10179e-11 2.84217e-14 1.42109e-14
threshold=107.00000000000001 62.500000000000007 96378.500000000015 418.00000000000006 145.50000000000003 55.500000000000007 93334.500000000015 648.50000000000011 257401.00000000003 1.3263954075509696
decision_type=2 2 2 2 2 2 2 2 2 2
left_child=1 5 3 -2 6 8 7 -5 -1 -9
right_child=2 -3 -4 4 -6 -7 -8 9 -10 -11
leaf_value=-0.05338695853623824 0.056718553188621103 -0.024468732106979401 0.05800257320234789 0.057138175002206387 0.057393608713747726 -0.053628558928969831 0.057138745408223307 0.057138325163704463 -0.05338695853623824 0.057138325074828182
leaf_weight=86.629771515727043 2.3999571204185477 1.3652320653200138 2.725835219025611 2.4050667360424987 2.2445499077439299 2.0650602206587783 2.5145390927791587 67.233614422380924 5.525767318904399 7.652606524527072
leaf_count=1458 23 12 23 22 20 33 23 615 93 70
internal_value=-0.000443381 -0.0529791 0.0571604 0.0571332 0.0571453 -0.0533923 0.0571383 0.0571383 -0.053387 0.0571383
internal_weight=182.762 95.5858 87.1762 84.4503 82.0504 94.2206 79.8058 77.2913 92.1555 74.8862
internal_count=2392 1596 796 773 750 1584 730 707 1551 685
is_linear=0
shrinkage=0.05


Tree=34
num_leaves=12
num_cat=0
split_feature=1 3 1 1 4 3 1 1 3 0 0
split_gain=209.313 0.608208 0.103812 0.000486507 4.81168e-05 3.36107e-07 2.8498e-08 1.45511e-08 4.26326e-14 1.42109e-14 1.77636e-15
threshold=63.500000000000007 97253.500000000015 385.00000000000006 57.500000000000007 145.50000000000003 94116.500000000015 55.500000000000007 617.50000000000011 92034.500000000015 1.2619736804438475 1.4320773903478552
decision_type=2 2 2 2 2 2 2 2 2 2 2
left_child=3 2 -2 6 5 7 -1 -4 9 -9 -11
right_child=1 -3 4 -5 -6 -7 -8 8 -10 10 -12
leaf_value=-0.053210880426031629 0.068064412260191817 0.032090640693367166 0.056746013036457293 -0.054171003449664384 0.056981206308275703 0.056723009481500997 -0.053203261834301512 0.056741885655768154 0.056741879255076323 0.056741885789901025 0.056741885505420087
leaf_weight=87.943801112473011 2.0794950053095809 2.5188487544655791 2.199707329273223 1.3389067202806462 2.1501426398754111 2.4028852656483641 1.2448254749178875 60.830318786203861 2.0939848870038977 7.2242547795176488 2.7221829295158386
leaf_count=1551 20 20 21 19 20 23 22 581 20 69 26
internal_value=-0.000443436 0.0562899 0.0570359 -0.053225 0.0567479 0.0567414 -0.0532108 0.056742 0.0567419 0.0567419 0.0567419
internal_weight=174.749 84.2218 81.703 90.5275 79.6235 77.4733 89.1886 75.0704 72.8707 70.7768 9.94644
internal_count=2392 800 780 1592 760 740 1573 717 696 676 95
is_linear=0
shrinkage=0.05


Tree=35
num_leaves=11
num_cat=0
split_feature=1 1 3 1 4 1 3 1 0 1
split_gain=198.118 0.448849 0.000826902 0.000158067 4.03829e-05 3.41472e-05 1.92244e-10 2.05773e-11 1.42109e-14 1.42109e-14
threshold=107.00000000000001 62.500000000000007 96378.500000000015 418.00000000000006 145.50000000000003 55.500000000000007 93334.500000000015 648.50000000000011 1.3545700342722709 26.500000000000004
decision_type=2 2 2 2 2 2 2 2 2 2
left_child=1 5 3 -2 6 9 7 -5 -9 -1
right_child=2 -3 -4 4 -6 -7 -8 8 -10 -11
leaf_value=-0.053044495954960136 0.055944459391384177 -0.023793958235088033 0.057280848202563329 0.056369835212174785 0.056594531480775451 -0.053259909960750279 0.056370449464106714 0.056369990350932167 0.056369990350932167 -0.053044495954960136
leaf_weight=73.847734797745943 2.1820464357733718 1.3314362764358509 2.5397882610559455 2.2050953209400168 2.0588988885283461 1.8809372521936882 2.3054983243346205 62.144771665334702 6.5151776745915404 10.06276825815439
leaf_count=1365 23 12 23 22 20 33 23 620 65 186
internal_value=-0.000443806 -0.0526021 0.0563931 0.056364 0.0563761 -0.0530492 0.05637 0.05637 0.05637 -0.0530445
internal_weight=167.074 87.1229 79.9513 77.4115 75.2294 85.7914 73.1705 70.865 68.6599 83.9105
internal_count=2392 1596 796 773 750 1584 730 707 685 1551
is_linear=0
shrinkage=0.05


Tree=36
num_leaves=11
num_cat=0
split_feature=1 1 3 1 4 1 3 1 0 0
split_gain=187.514 0.462183 0.000698098 0.000133437 3.40791e-05 2.91654e-05 1.6081e-10 1.74509e-11 1.42109e-14 8.88178e-16
threshold=107.00000000000001 62.500000000000007 96378.500000000015 418.00000000000006 145.50000000000003 55.500000000000007 93334.500000000015 648.50000000000011 3.5000000000000004 4.5000000000000009
decision_type=2 2 2 2 2 2 2 2 2 2
left_child=1 5 3 -2 6 8 7 -5 -1 -10
right_child=2 -3 -4 4 -6 -7 -8 -9 9 -11
leaf_value=-0.052887207943254883 0.055621107531665784 -0.022966711088649106 0.056876000896844983 0.05602070207956579 0.056231681067537523 -0.05309101381354997 0.056021277302796248 0.056020848105106262 -0.052887207943254855 -0.052887207943254855
leaf_weight=76.127041969448328 2.0873878151178351 1.3109551817178715 2.4326819702982894 2.1102927252650252 1.9708025604486454 1.7947509139776219 2.2063804641365996 65.708091586828232 1.3419004008173936 2.5805776938796043
leaf_count=1475 23 12 23 22 20 33 23 685 26 50
internal_value=-0.000443764 -0.0524199 0.0560426 0.0560152 0.0560266 -0.0528917 0.0560209 0.0560208 -0.0528872 -0.0528872
internal_weight=159.671 83.1552 76.5156 74.083 71.9956 81.8443 70.0248 67.8184 80.0495 3.92248
internal_count=2392 1596 796 773 750 1584 730 707 1551 76
is_linear=0
shrinkage=0.05


Tree=37
num_leaves=12
num_cat=0
split_feature=1 4 1 3 1 1 1 3 1 0 0
split_gain=177.587 0.648745 0.112414 0.000544334 0.000411224 2.47594e-08 2.31137e-08 1.03441e-10 1.84741e-13 1.42109e-14 1.42109e-14
threshold=63.500000000000007 145.50000000000003 385.00000000000006 96378.500000000015 57.500000000000007 55.500000000000007 588.00000000000011 93334.500000000015 837.50000000000011 8.5000000000000018 1.4483427736912706
decision_type=2 2 2 2 2 2 2 2 2 2 2
left_child=4 2 -2 6 5 9 -4 8 -8 -1 -10
right_child=1 -3 3 -5 -6 -7 7 -9 10 -11 -12
leaf_value=-0.052738478319038377 0.067934517122106394 0.029675502206396056 0.055698269227859601 0.056487822829486292 -0.053673148211430877 -0.05273085559316007 0.055692813690775403 0.055693209380512414 0.05569282914975246 -0.052738478319038377 0.055692828786870943
leaf_weight=75.222497940063477 1.9355832785367955 2.4103063046932212 2.0204626992344847 2.2252670377492896 1.1946813985705365 1.0803434327244748 2.1106999218463889 1.8354927599430073 59.283256962895393 1.1322758197784413 2.1107042059302321
leaf_count=1528 21 23 22 22 19 22 23 20 646 23 23
internal_value=-0.000443683 0.0551892 0.056049 0.0557184 -0.0527526 -0.0527384 0.055693 0.0556928 0.0556928 -0.0527385 0.0556928
internal_weight=152.562 73.9318 71.5215 69.5859 78.6298 77.4351 67.3606 65.3402 63.5047 76.3548 61.394
internal_count=2392 800 777 756 1592 1573 734 712 692 1551 669
is_linear=0
shrinkage=0.05


Tree=38
num_leaves=12
num_cat=0
split_feature=1 1 3 1 4 1 3 1 0 3 3
split_gain=168.184 0.460703 0.000491102 0.000125457 8.00096e-05 2.11536e-05 1.11598e-10 1.76357e-11 1.42109e-14 1.42109e-14 1.77636e-15
threshold=107.00000000000001 62.500000000000007 96378.500000000015 418.00000000000006 145.50000000000003 55.500000000000007 93334.500000000015 648.50000000000011 1.4136085767277791 10209.500000000002 24735.500000000004
decision_type=2 2 2 2 2 2 2 2 2 2 2
left_child=1 5 3 -2 6 9 7 -5 -9 -1 -11
right_child=2 -3 -4 4 -6 -7 -8 8 -10 10 -12
leaf_value=-0.052597799683175329 0.054980878831128843 -0.022354348383080536 0.056136629016236242 0.055384294963550462 0.05571868804853071 -0.052779759704713949 0.05538482145046817 0.055384448464961433 0.055384448674401426 -0.052597799683175329 -0.052597799683175329
leaf_weight=62.819799520075321 1.8923434764146794 1.2805306017398823 2.2284461483359328 1.9308491796255101 1.8420206606388081 1.6330647394061077 2.0187735930085173 57.136858835816383 2.9841062873601905 1.643268298357724 8.3571930602192861
leaf_count=1338 23 12 23 22 20 33 23 651 34 35 178
internal_value=-0.000443954 -0.0520904 0.0554063 0.0553823 0.0553938 -0.0526018 0.0553845 0.0553844 0.0553844 -0.0525978 -0.0525978
internal_weight=145.767 75.7339 70.0334 67.805 65.9126 74.4533 64.0706 62.0518 60.121 72.8203 10.0005
internal_count=2392 1596 796 773 750 1584 730 707 685 1551 213
is_linear=0
shrinkage=0.05


Tree=39
num_leaves=13
num_cat=0
split_feature=1 3 1 1 4 3 1 1 3 1 1 1
split_gain=159.311 0.695563 0.123613 0.000350191 6.79403e-05 2.49291e-07 2.05977e-08 1.08513e-08 5.68434e-14 1.42109e-14 1.42109e-14 8.88178e-15
threshold=63.500000000000007 97253.500000000015 385.00000000000006 57.500000000000007 145.50000000000003 94116.500000000015 55.500000000000007 617.50000000000011 92034.500000000015 48.500000000000007 1101.0000000000002 837.50000000000011
decision_type=2 2 2 2 2 2 2 2 2 2 2 2
left_child=3 2 -2 6 5 7 9 -4 10 -1 11 -9
right_child=1 -3 4 -5 -6 -7 -8 8 -10 -11 -12 -13
leaf_value=-0.052464689293742608 0.068845101587300409 0.026626842145628028 0.055098319983247747 -0.053362590153866976 0.055408764137004442 0.055076173946656481 -0.052457398036868164 0.055094343911188795 0.055094329402144537 -0.052464689293742608 0.055094339053068681 0.055094339053068646
leaf_weight=65.768840879201889 1.6793669164180745 2.1614414528012267 1.7633485794067372 1.1026499941945065 1.7617367133498181 1.9243744015693653 0.98232515156268974 1.6783170402050012 1.6783141419291485 3.6712355017662039 53.034804344177246 2.0139799118041992
leaf_count=1469 20 20 21 19 20 23 22 20 20 82 632 24
internal_value=-0.000443798 0.0545343 0.0554547 -0.0524784 0.0551026 0.0550939 -0.0524646 0.0550945 0.0550943 -0.0524647 0.0550943 0.0550943
internal_weight=139.221 67.6957 65.5342 71.5251 63.8549 62.0931 70.4224 60.1688 58.4054 69.4401 56.7271 3.6923
internal_count=2392 800 780 1592 760 740 1573 717 696 1551 676 44
is_linear=0
shrinkage=0.05


Tree=40
num_leaves=11
num_cat=0
split_feature=1 1 3 1 4 1 3 1 3 0
split_gain=150.985 0.459199 0.000707246 0.000114507 5.76038e-05 1.53621e-05 2.50709e-07 1.54188e-11 5.68434e-14 1.42109e-14
threshold=107.00000000000001 62.500000000000007 97253.500000000015 418.00000000000006 145.50000000000003 55.500000000000007 94116.500000000015 648.50000000000011 92034.500000000015 8.5000000000000018
decision_type=2 2 2 2 2 2 2 2 2 2
left_child=1 5 3 -2 6 9 7 -5 -9 -1
right_child=2 -3 -4 4 -6 -7 -8 8 -10 -11
leaf_value=-0.052338715138753815 0.054414205349951887 -0.021779139990513161 0.055881845850908586 0.054821112589660465 0.055117221794873328 -0.052501321750169944 0.054802092706175268 0.054821262969068911 0.054821253954193877 -0.052338715138753815
leaf_weight=65.226599454879761 1.7114260122179974 1.2517062574625004 1.6009544283151615 1.7645917907357205 1.6844556480646122 1.4850779436528672 1.7587832733988751 53.901630908250809 1.6042128056287754 0.98181399703025718
leaf_count=1528 23 12 17 22 20 33 22 672 20 23
internal_value=-0.00044399 -0.0517874 0.0548442 0.0548175 0.0548289 -0.0523423 0.0548207 0.0548213 0.0548213 -0.0523387
internal_weight=132.971 68.9452 64.0261 62.4251 60.7137 67.6935 59.0292 57.2704 55.5058 66.2084
internal_count=2392 1596 796 779 756 1584 736 714 692 1551
is_linear=0
shrinkage=0.05


Tree=41
num_leaves=11
num_cat=0
split_feature=1 1 3 1 4 1 3 1 3 1
split_gain=143.058 0.472551 0.000599158 9.71217e-05 4.88402e-05 1.31436e-05 2.12574e-07 1.3344e-11 8.52651e-14 1.42109e-14
threshold=107.00000000000001 62.500000000000007 97253.500000000015 418.00000000000006 145.50000000000003 55.500000000000007 94116.500000000015 648.50000000000011 92034.500000000015 970.00000000000011
decision_type=2 2 2 2 2 2 2 2 2 2
left_child=1 5 3 -2 6 -1 7 -5 9 -9
right_child=2 -3 -4 4 -6 -7 -8 8 -10 -11
leaf_value=-0.052219462819695417 0.054180499924503092 -0.02099042982923514 0.055562177906195144 0.054563926115690491 0.054842807479622939 -0.052373495185041745 0.054546011426231146 0.054564066513929733 0.054564057515242549 0.054564069440171552
leaf_weight=63.119586613029242 1.6348031982779492 1.234255015850066 1.5314146429300297 1.686243139207362 1.6101181656122197 1.4160105921328057 1.6806620508432377 2.2228320017456999 1.5329853072762478 49.28554829210043
leaf_count=1551 23 12 17 22 20 33 22 29 20 643
internal_value=-0.000443774 -0.0516367 0.0545856 0.0545606 0.0545713 -0.0522228 0.0545635 0.0545641 0.0545641 0.0545641
internal_weight=126.954 65.7699 61.1846 59.6532 58.0184 64.5356 56.4083 54.7276 53.0414 51.5084
internal_count=2392 1596 796 779 756 1584 736 714 692 672
is_linear=0
shrinkage=0.05


Tree=42
num_leaves=11
num_cat=0
split_feature=1 3 1 1 4 3 1 1 3 4
split_gain=135.616 0.734413 0.139261 0.000298827 4.14005e-05 1.49066e-07 1.58837e-08 8.88346e-09 4.26326e-14 1.42109e-14
threshold=63.500000000000007 97253.500000000015 385.00000000000006 57.500000000000007 145.50000000000003 94116.500000000015 55.500000000000007 617.50000000000011 92034.500000000015 1700.0000000000002
decision_type=2 2 2 2 2 2 2 2 2 2
left_child=3 2 -2 6 5 7 9 -4 -9 -1
right_child=1 -3 4 -5 -6 -7 -8 8 -10 -11
leaf_value=-0.05210653373325265 0.069884045172283679 0.02380450277277343 0.054325562439005042 -0.052984542054491962 0.054584366583392344 0.054306686251528458 -0.052099654195340052 0.054321706909427239 0.05432169883492869 -0.05210653373325265
leaf_weight=43.680990800261497 1.4769507274031628 1.9863935858011235 1.5389392599463452 0.9845060221850862 1.5386598780751217 1.6792538985609997 0.85088448226451774 49.502270698547363 1.4645621106028546 16.487052477896214
leaf_count=1126 20 20 21 19 20 23 22 676 20 425
internal_value=-0.00044353 0.0536924 0.0547303 -0.0521204 0.0543286 0.0543214 -0.0521064 0.0543218 0.0543217 -0.0521065
internal_weight=121.19 59.187 57.2006 62.0034 55.7237 54.185 61.0189 52.5058 50.9668 60.168
internal_count=2392 800 780 1592 760 740 1573 717 696 1551
is_linear=0
shrinkage=0.05


Tree=43
num_leaves=16
num_cat=0
split_feature=1 1 3 1 1 4 3 1 1 3 0 1 4 1 3
split_gain=128.577 0.794322 0.000615812 0.000255576 8.89171e-05 3.51924e-05 1.53334e-07 1.35559e-08 1.15676e-11 2.84217e-14 7.10543e-15 7.10543e-15 1.77636e-15 4.44089e-16 4.44089e-16
threshold=107.00000000000001 63.500000000000007 97253.500000000015 57.500000000000007 418.00000000000006 145.50000000000003 94116.500000000015 55.500000000000007 648.50000000000011 92034.500000000015 1.3821548274960491 26.500000000000004 4913.5000000000009 6422.5000000000009 5531.0000000000009
decision_type=2 2 2 2 2 2 2 2 2 2 2 2 2 2 2
left_child=1 3 4 7 -2 6 8 11 -6 10 -10 -1 -13 -12 -14
right_child=2 -3 -4 -5 5 -7 -8 -9 9 -11 13 12 14 -15 -16
leaf_value=-0.05199957684431649 0.053705916547449745 -4.9441671683568665e-05 0.055137789674170705 -0.052830948059590981 0.054093067761483531 0.054340837119431197 0.054077151613431941 -0.051993066986756577 0.054093207204133846 0.054093200241470157 0.054093207301468563 -0.05199957684431649 -0.051999576844316435 0.054093207317040662 -0.05199957684431647
leaf_weight=50.470997113734484 1.4741035252809513 0.74470134079456229 1.4364287257194508 0.93914488703012367 1.5387158319354046 1.4700118005275715 1.533573806285857 0.81100376695394416 43.644824735820293 1.3988705426454533 1.9584216251969331 3.7344840355217448 1.1092526838183405 1.3988725841045377 2.0336299203336239
leaf_count=1365 23 4 17 19 22 20 22 22 624 20 28 101 30 20 55
internal_value=-0.000443648 -0.0513661 0.0541159 -0.0520127 0.0540889 0.0540996 0.0540927 -0.0519995 0.0540932 0.0540932 0.0540932 -0.0519996 -0.0519996 0.0540932 -0.0519996
internal_weight=115.697 59.8432 55.8538 59.0985 54.4174 52.9433 51.4733 58.1594 49.9397 48.401 47.0021 57.3484 6.87737 3.35729 3.14288
internal_count=2392 1596 796 1592 779 756 736 1573 714 692 672 1551 186 48 85
is_linear=0
shrinkage=0.05


Tree=44
num_leaves=14
num_cat=0
split_feature=1 1 3 1 1 4 1 3 1 3 0 1 2
split_gain=121.893 0.790778 0.000522871 0.000251552 7.55827e-05 2.99062e-05 3.83116e-07 1.30377e-07 9.94049e-12 3.55271e-14 7.10543e-15 4.44089e-16 4.44089e-16
threshold=107.00000000000001 63.500000000000007 97253.500000000015 60.500000000000007 418.00000000000006 145.50000000000003 55.500000000000007 94116.500000000015 648.50000000000011 92034.500000000015 2.5000000000000004 34.500000000000007 1.0000000180025095e-35
decision_type=2 2 2 2 2 2 2 2 2 2 2 2 2
left_child=1 3 4 6 -2 7 10 8 -6 -10 -1 12 -12
right_child=2 -3 -4 -5 5 -7 -8 -9 9 -11 11 -13 -14
leaf_value=-0.051898259526606719 0.053512207834438066 -4.6966627971199757e-05 0.054862177153424653 -0.05285006200509465 0.053877541930644292 0.054111246383392944 -0.051930042856731896 0.053862523768897046 0.053877674215092167 0.053877666183769372 -0.051898259526606649 -0.051898259526606677 -0.051898259526606684
leaf_weight=51.09615009278059 1.4071582369506348 0.74468323588371177 1.3730638548731793 0.70378169417381187 1.4693787768483151 1.404101364314555 0.9648759551346292 1.4644463434815396 44.884131550788879 1.3358353078365315 0.7400132082402705 1.2333553470671175 1.585742589086294
leaf_count=1450 23 4 17 14 22 20 27 22 672 20 21 35 45
internal_value=-0.000443562 -0.0512339 0.0538991 -0.0519107 0.0538737 0.0538837 -0.0518988 0.0538772 0.0538777 0.0538777 -0.0518983 -0.0518983 -0.0518983
internal_weight=110.407 57.0686 53.3381 56.3239 51.9651 50.5579 55.6201 49.1538 47.6893 46.22 54.6553 3.55911 2.32576
internal_count=2392 1596 796 1592 779 756 1578 736 714 692 1551 101 66
is_linear=0
shrinkage=0.05


Tree=45
num_leaves=16
num_cat=0
split_feature=1 1 3 1 1 4 1 3 1 3 0 0 0 1 1
split_gain=115.573 0.78738 0.000444272 0.000215149 6.42897e-05 2.54316e-05 3.28129e-07 1.10829e-07 8.44125e-12 2.13163e-14 7.10543e-15 7.10543e-15 7.10543e-15 7.10543e-15 8.88178e-16
threshold=107.00000000000001 63.500000000000007 97253.500000000015 60.500000000000007 418.00000000000006 145.50000000000003 55.500000000000007 94116.500000000015 648.50000000000011 92034.500000000015 8.5000000000000018 1.4250639614110894 1.1555293419816375 30.500000000000004 37.500000000000007
decision_type=2 2 2 2 2 2 2 2 2 2 2 2 2 2 2
left_child=1 3 4 6 -2 7 10 8 -6 11 13 12 -10 -1 -15
right_child=2 -3 -4 -5 5 -7 -8 -9 9 -11 -12 -13 -14 14 -16
leaf_value=-0.05180225378930961 0.053329266321899937 -4.462148160848165e-05 0.054602610705651471 -0.052703566100716082 0.053674157013537616 0.05389469487693991 -0.05183238493338406 0.053659985958169391 0.053674281785894465 0.05367427522758788 -0.05180225378930961 0.053674281785894465 0.053674281785894465 -0.05180225378930961 -0.051802253789309596
leaf_weight=45.736865110695362 1.3430059701204289 0.74466598033904929 1.312150366604327 0.6712716668844213 1.4028786942362774 1.3408534675836552 0.91950400546193023 1.3981494605541218 33.797600418329239 1.2753791660070408 0.77235528454184432 1.8493026643991459 7.2059034854173651 1.5447105690836895 4.0296797454357147
leaf_count=1362 23 4 17 14 22 20 27 22 530 20 23 29 113 46 120
internal_value=-0.000443453 -0.0511056 0.0536945 -0.051814 0.0536705 0.05368 -0.0518028 0.0536739 0.0536743 0.0536743 -0.0518023 0.0536743 0.0536743 -0.0518023 -0.0518023
internal_weight=105.344 54.4191 50.9252 53.6744 49.6131 48.2701 53.0031 46.9292 45.5311 44.1282 52.0836 42.8528 41.0035 51.3113 5.57439
internal_count=2392 1596 796 1592 779 756 1578 736 714 692 1551 672 643 1528 166
is_linear=0
shrinkage=0.05


Tree=46
num_leaves=15
num_cat=0
split_feature=1 1 3 1 1 4 1 3 1 0 0 0 0 1
split_gain=109.596 0.784116 0.000377749 0.000184072 5.47193e-05 2.16403e-05 2.80989e-07 9.42916e-08 6.68621e-12 7.10543e-15 7.10543e-15 7.10543e-15 1.77636e-15 8.88178e-16
threshold=107.00000000000001 63.500000000000007 97253.500000000015 60.500000000000007 418.00000000000006 145.50000000000003 55.500000000000007 94116.500000000015 648.50000000000011 7.5000000000000009 1.4483427736912706 0.25170325816614647 0.10126980231569881 5815.5000000000009
decision_type=2 2 2 2 2 2 2 2 2 2 2 2 2 2
left_child=1 3 4 6 -2 7 9 8 -6 -1 11 12 -10 -14
right_child=2 -3 -4 -5 5 -7 -8 -9 10 -11 -12 -13 13 -15
leaf_value=-0.051711271105723544 0.053156423295414569 -4.2393240822483705e-05 0.054358036321405456 -0.052564963951870873 0.053482151878366628 0.053690348729859928 -0.0517398350094605 0.053468769207176553 0.053482265248093852 -0.051711271105723544 0.053482265523843969 0.053482265394123554 0.05348226559876134 0.053482265607575144
leaf_weight=48.73249601945281 1.2815556712448586 0.74464960396289726 1.253629833459853 0.640174500644206 1.3391292095184315 1.280190922319888 0.87618432939052482 1.3345969356596459 2.7392072007060042 0.89593558013439079 1.4000393711030472 33.600943323224783 2.3131085298955441 2.0696234218776226
leaf_count=1523 23 4 17 14 22 20 27 22 45 28 23 552 38 34
internal_value=-0.000443332 -0.0509808 0.0535014 -0.0517224 0.0534787 0.0534877 -0.0517118 0.0534819 0.0534823 -0.0517113 0.0534823 0.0534823 0.0534823 0.0534823
internal_weight=100.501 51.8894 48.612 51.1448 47.3584 46.0768 50.5046 44.7966 43.4621 49.6284 42.1229 40.7229 7.12194 4.38273
internal_count=2392 1596 796 1592 779 756 1578 736 714 1551 692 669 117 72
is_linear=0
shrinkage=0.05


Tree=47
num_leaves=12
num_cat=0
split_feature=1 1 3 1 1 4 1 3 1 3 0
split_gain=103.941 0.780976 0.000321392 0.000157532 4.65988e-05 1.84248e-05 2.40787e-07 8.02843e-08 5.83356e-12 1.42109e-14 7.10543e-15
threshold=107.00000000000001 63.500000000000007 97253.500000000015 60.500000000000007 418.00000000000006 145.50000000000003 55.500000000000007 94116.500000000015 648.50000000000011 92034.500000000015 2.5000000000000004
decision_type=2 2 2 2 2 2 2 2 2 2 2
left_child=1 3 4 6 -2 7 10 8 -6 -10 -1
right_child=2 -3 -4 -5 5 -7 -8 -9 9 -11 -12
leaf_value=-0.051625028998136605 0.052993075673834211 -4.0270917373659004e-05 0.054127466119461509 -0.052433795353097147 0.053300810174764637 0.053497437501504402 -0.051652117662935253 0.053288170949088359 0.053300918802272716 0.053300914694027646 -0.051625028998136605
leaf_weight=44.205738138407469 1.2227162159979332 0.74463406205177207 1.1974407881498326 0.61043769121169944 1.27804335951805 1.2220354974269856 0.83483199030160804 1.2737015672028054 39.039552628993988 1.1618896685540665 3.0791583117097607
leaf_count=1450 23 4 17 14 22 20 27 22 672 20 101
internal_value=-0.000443194 -0.0508591 0.053319 -0.0516356 0.0532975 0.053306 -0.0516255 0.0533005 0.0533009 0.0533009 -0.051625
internal_weight=95.8702 49.4748 46.3954 48.7302 45.1979 43.9752 48.1197 42.7532 41.4795 40.2014 47.2849
internal_count=2392 1596 796 1592 779 756 1578 736 714 692 1551
is_linear=0
shrinkage=0.05


Tree=48
num_leaves=13
num_cat=0
split_feature=1 1 3 1 1 4 1 3 1 3 0 2
split_gain=98.5897 0.777951 0.00027361 0.000134858 3.97076e-05 1.56957e-05 2.06278e-07 6.84263e-08 5.21538e-12 1.42109e-14 7.10543e-15 7.10543e-15
threshold=107.00000000000001 63.500000000000007 97253.500000000015 60.500000000000007 418.00000000000006 145.50000000000003 55.500000000000007 94116.500000000015 648.50000000000011 92034.500000000015 1.1432652529694434 28.500000000000004
decision_type=2 2 2 2 2 2 2 2 2 2 2 2
left_child=1 3 4 6 -2 7 11 8 -6 10 -10 -1
right_child=2 -3 -4 -5 5 -7 -8 -9 9 -11 -12 -13
leaf_value=-0.051543266524964382 0.052838634629720493 -3.8258531979824204e-05 0.053909998575520229 -0.052309632252299981 0.053129479541461133 0.053315249141060998 -0.051568953540007158 0.053117536696157208 0.05312958473821594 0.053129579004983191 0.053129584697968871 -0.051543266524964382
leaf_weight=40.314047276973724 1.1663972474634636 0.74461926519870658 1.143519528210162 0.58200976997613807 1.2195337414741505 1.1663079299032677 0.79536507651209731 1.2153760828077782 28.770750530064106 1.1086977422237385 8.4815507456660253 4.7342865318059912
leaf_count=1388 23 4 17 14 22 20 27 22 519 20 153 163
internal_value=-0.000443041 -0.0507401 0.0531466 -0.0515533 0.0531264 0.0531344 -0.0515437 0.0531292 0.0531296 0.0531296 0.0531296 -0.0515433
internal_weight=91.4425 47.1703 44.2721 46.4257 43.1286 41.9622 45.8437 40.7959 39.5805 38.361 37.2523 45.0483
internal_count=2392 1596 796 1592 779 756 1578 736 714 692 672 1551
is_linear=0
shrinkage=0.05


Tree=49
num_leaves=12
num_cat=0
split_feature=1 1 3 1 1 4 1 3 1 3 0
split_gain=93.5241 0.77503 0.00023306 0.00011548 3.38511e-05 1.33784e-05 1.76861e-07 5.83442e-08 4.28457e-12 2.84217e-14 7.10543e-15
threshold=107.00000000000001 63.500000000000007 97253.500000000015 60.500000000000007 418.00000000000006 145.50000000000003 55.500000000000007 94116.500000000015 648.50000000000011 92034.500000000015 1.4320773903478552
decision_type=2 2 2 2 2 2 2 2 2 2 2
left_child=1 3 4 6 -2 7 -1 8 -6 10 -10
right_child=2 -3 -4 -5 5 -7 -8 -9 9 -11 -12
leaf_value=-0.05146573658095889 0.052692584072483832 -3.6350092859438112e-05 0.053704784505537367 -0.052192066979656893 0.052967553796329142 0.053143126061836271 -0.051490105550653989 0.052956261690794308 0.052967651535075336 0.05296764380048085 0.052967651540252583
leaf_weight=42.914225338026881 1.1125089935958374 0.74460522830486198 1.0918006971478451 0.55484039336442847 1.1635131686925877 1.1129288636147965 0.75770399905741115 1.1595333367586125 34.165979206562042 1.0577686801552761 1.3751013278961171
leaf_count=1551 23 4 17 14 22 20 27 22 646 20 26
internal_value=-0.000442875 -0.0506236 0.0529838 -0.0514753 0.0529646 0.0529722 -0.0514662 0.0529673 0.0529676 0.0529677 0.0529677
internal_weight=87.2105 44.9714 42.2391 44.2268 41.1473 40.0348 43.6719 38.9219 37.7624 36.5988 35.5411
internal_count=2392 1596 796 1592 779 756 1578 736 714 692 672
is_linear=0
shrinkage=0.05


Tree=50
num_leaves=13
num_cat=0
split_feature=1 1 3 1 1 4 1 3 1 0 1 3
split_gain=88.7277 0.772206 0.000198636 9.8912e-05 2.88727e-05 1.1409e-05 1.51597e-07 4.97354e-08 3.55271e-12 7.10543e-15 7.10543e-15 7.10543e-15
threshold=107.00000000000001 63.500000000000007 97253.500000000015 60.500000000000007 418.00000000000006 145.50000000000003 55.500000000000007 94116.500000000015 648.50000000000011 8.5000000000000018 54.500000000000007 91148.500000000015
decision_type=2 2 2 2 2 2 2 2 2 2 2 2
left_child=1 3 4 6 -2 7 9 8 -6 10 -1 -10
right_child=2 -3 -4 -5 5 -7 -8 -9 11 -11 -12 -13
leaf_value=-0.051392208334458206 0.052554416774896362 -3.4531605044011839e-05 0.053511076018241933 -0.052080721195622917 0.052814459571511312 0.052980450215307423 -0.051415324504856641 0.052803783626678841 0.052814550612025127 -0.051392208334458206 -0.051392208334458206 0.052814546875528459
leaf_weight=39.66582553461194 1.0609631910920132 0.74459190666675468 1.0422175303101529 0.52888038009405036 1.1098950766026963 1.0618190877139557 0.72177217155694862 1.1060867756605137 33.650992944836617 0.60618869587778945 0.60618869587778945 1.2612800262868393
leaf_count=1505 23 4 17 14 22 20 27 22 667 23 23 25
internal_value=-0.000442692 -0.0505092 0.0528298 -0.0514012 0.0528117 0.0528188 -0.0513926 0.0528142 0.0528145 -0.0513922 -0.0513922 0.0528146
internal_weight=83.1667 42.8734 40.2933 42.1289 39.251 38.1901 41.6 37.1283 36.0222 40.8782 40.272 34.9123
internal_count=2392 1596 796 1592 779 756 1578 736 714 1551 1528 692
is_linear=0
shrinkage=0.05


Tree=51
num_leaves=14
num_cat=0
split_feature=1 1 3 1 1 4 1 3 1 0 1 1 0
split_gain=84.1853 0.769469 0.000169378 8.47415e-05 2.46393e-05 9.73392e-06 1.29978e-07 4.24422e-08 3.2756e-12 1.42109e-14 7.10543e-15 8.88178e-16 4.44089e-16
threshold=107.00000000000001 63.500000000000007 97253.500000000015 60.500000000000007 418.00000000000006 145.50000000000003 55.500000000000007 94116.500000000015 648.50000000000011 0.11708535697522095 23.500000000000004 48.500000000000007 0.070916513194796429
decision_type=2 2 2 2 2 2 2 2 2 2 2 2 2
left_child=1 3 4 6 -2 7 10 8 -6 12 -1 -12 -10
right_child=2 -3 -4 -5 5 -7 -8 -9 9 -11 11 -13 -14
leaf_value=-0.051322468724033156 0.052423667494470187 -3.2804082527758945e-05 0.053328132173852051 -0.051975247360374281 0.052669669806861469 0.052826653879822986 -0.051344400330328999 0.052659574746076777 0.052669759351524015 0.052669759207593515 -0.051322468724033156 -0.051322468724033135 0.052669758655384306
leaf_weight=33.940390482544899 1.0116728879511345 0.74457922577857871 0.99470294639468093 0.50408172234892745 1.0585938096046437 1.0128997899591912 0.68749538064002891 1.0549507811665524 1.5879376083612435 30.65200649574399 2.9371491763740769 2.0585148073732853 1.0586248598992822
leaf_count=1352 23 4 17 14 22 20 27 22 33 637 117 82 22
internal_value=-0.000442498 -0.0503965 0.0526842 -0.051331 0.0526671 0.0526738 -0.0513228 0.0526695 0.0526698 0.0526698 -0.0513225 -0.0513225 0.0526698
internal_weight=79.3036 40.8722 38.4314 40.1276 37.4367 36.425 39.6235 35.4121 34.3572 33.2986 38.9361 4.99566 2.64656
internal_count=2392 1596 796 1592 779 756 1578 736 714 692 1551 199 55
is_linear=0
shrinkage=0.05


Tree=52
num_leaves=11
num_cat=0
split_feature=1 1 3 1 1 4 1 3 1 0
split_gain=79.8823 0.766812 0.0001445 7.26192e-05 2.10346e-05 8.30869e-06 1.1152e-07 3.62376e-08 2.64322e-12 7.10543e-15
threshold=107.00000000000001 63.500000000000007 97253.500000000015 60.500000000000007 418.00000000000006 145.50000000000003 55.500000000000007 94116.500000000015 648.50000000000011 1.4483427736912706
decision_type=2 2 2 2 2 2 2 2 2 2
left_child=1 3 4 6 -2 7 -1 8 -6 -10
right_child=2 -3 -4 -5 5 -7 -8 -9 9 -11
leaf_value=-0.051256307772968079 0.052299915572800643 -3.1163531781278781e-05 0.053155298700236379 -0.051875314817199217 0.052532699754570103 0.052681206344625864 -0.051277123515144685 0.052523145366843049 0.052532781957985657 0.052532781997101201
leaf_weight=37.083720965310931 0.96455258503556152 0.74456718564033408 0.9491894356906404 0.48039774596691032 1.0095247924327839 0.96609302237629791 0.6548022236675014 1.0060409903526295 30.699638277292255 1.0554435178637493
leaf_count=1551 23 4 17 14 22 20 27 22 669 23
internal_value=-0.00044229 -0.0502854 0.0525464 -0.0512644 0.0525302 0.0525366 -0.0512567 0.0525325 0.0525328 0.0525328
internal_weight=75.614 38.9635 36.6505 38.2189 35.7013 34.7367 37.7385 33.7706 32.7646 31.7551
internal_count=2392 1596 796 1592 779 756 1578 736 714 692
is_linear=0
shrinkage=0.05


Tree=53
num_leaves=12
num_cat=0
split_feature=1 1 3 1 1 4 1 3 1 0 0
split_gain=75.8054 0.764226 0.000123334 6.22432e-05 1.79647e-05 7.09534e-06 9.56199e-08 3.09371e-08 2.18847e-12 7.10543e-15 7.10543e-15
threshold=107.00000000000001 63.500000000000007 97253.500000000015 60.500000000000007 418.00000000000006 145.50000000000003 55.500000000000007 94116.500000000015 648.50000000000011 8.5000000000000018 1.1043601064248179
decision_type=2 2 2 2 2 2 2 2 2 2 2
left_child=1 3 4 6 -2 7 9 8 -6 -1 -10
right_child=2 -3 -4 -5 5 -7 -8 -9 10 -11 -12
leaf_value=-0.05119353912255991 0.052182750538293424 -2.9606960420576345e-05 0.052991958366574936 -0.051780606529178277 0.052403083750750472 0.052543613039201048 -0.051213289875189097 0.052394041833137721 0.052403160204009272 -0.05119353912255991 0.052403160241942193
leaf_weight=34.793562784790993 0.9195188395678987 0.7445557564496984 0.90560969337820907 0.45778317004442115 0.96260487288236873 0.92132176831364532 0.62362388148903747 0.95927427709102531 22.578129976987842 0.52372509427368541 7.7010675221681586
leaf_count=1528 23 4 17 14 22 20 27 22 516 23 176
internal_value=-0.00044207 -0.0501755 0.0524161 -0.0512013 0.0524007 0.0524068 -0.0511939 0.0524029 0.0524032 -0.0511935 0.0524032
internal_weight=72.0908 37.1433 34.9475 36.3987 34.0419 33.1224 35.9409 32.2011 31.2418 35.3173 30.2792
internal_count=2392 1596 796 1592 779 756 1578 736 714 1551 692
is_linear=0
shrinkage=0.05


Tree=54
num_leaves=17
num_cat=0
split_feature=1 1 3 1 1 4 1 3 1 3 0 0 0 0 1 1
split_gain=71.9418 0.761705 0.000105311 5.33635e-05 1.53501e-05 6.06096e-06 8.20585e-08 2.64521e-08 2.18137e-12 1.06581e-14 7.10543e-15 3.55271e-15 3.55271e-15 3.55271e-15 8.88178e-16 4.44089e-16
threshold=107.00000000000001 63.500000000000007 97253.500000000015 60.500000000000007 418.00000000000006 145.50000000000003 55.500000000000007 94116.500000000015 648.50000000000011 92034.500000000015 4.5000000000000009 1.3864234074659121 1.1516828146925595 0.67467529648084679 4892.0000000000009 7980.5000000000009
decision_type=2 2 2 2 2 2 2 2 2 2 2 2 2 2 2 2
left_child=1 3 4 6 -2 7 10 8 -6 11 -1 12 13 -10 -14 -16
right_child=2 -3 -4 -5 5 -7 -8 -9 9 -11 -12 -13 14 -15 15 -17
leaf_value=-0.051133969461321239 0.052071792365550387 -2.8128373698668699e-05 0.052837538054634453 -0.051690842345160651 0.05228039579887761 0.052413411331715787 -0.051152718461500407 0.052271838799347763 0.052280474325157637 0.052280468522738405 -0.051133969461321239 0.0522804743251577 0.0522804743251577 0.0522804743251577 0.052280474325157637 0.052280474325157644
leaf_weight=32.548755206167698 0.87649015337228675 0.74454489350318809 0.86389655992388625 0.43619395419955154 0.91775261983276379 0.87851044535636802 0.59389409422874351 0.91456930339336295 12.765484169125569 0.83434406295418639 1.0842356830835331 1.8772770836949337 2.294449768960475 9.0943645387887937 1.0429317131638529 0.95949717611074437
leaf_count=1501 23 4 17 14 22 20 27 22 306 20 50 45 55 218 25 23
internal_value=-0.000441832 -0.0500665 0.0522927 -0.0511413 0.0522782 0.0522839 -0.0511343 0.0522802 0.0522805 0.0522805 -0.051134 0.0522805 0.0522805 0.0522805 0.0522805 0.0522805
internal_weight=68.7272 35.4076 33.3196 34.6631 32.4557 31.5792 34.2269 30.7007 29.7861 28.8683 33.633 28.034 26.1567 21.8598 4.29688 2.00243
internal_count=2392 1596 796 1592 779 756 1578 736 714 692 1551 672 627 524 103 48
is_linear=0
shrinkage=0.05


Tree=55
num_leaves=15
num_cat=0
split_feature=1 1 3 1 1 4 1 3 1 5 0 3 0 1
split_gain=68.2797 0.759242 8.99613e-05 4.57562e-05 1.312e-05 5.18018e-06 7.03868e-08 2.25885e-08 1.48148e-12 7.10543e-15 3.55271e-15 3.55271e-15 4.44089e-16 4.44089e-16
threshold=107.00000000000001 63.500000000000007 97253.500000000015 60.500000000000007 418.00000000000006 145.50000000000003 55.500000000000007 94116.500000000015 648.50000000000011 251.50000000000003 0.25736186694766722 86442.500000000015 0.092881424171481722 5509.5000000000009
decision_type=2 2 2 2 2 2 2 2 2 2 2 2 2 2
left_child=1 3 4 6 -2 7 -1 8 -6 10 12 -11 -10 -14
right_child=2 -3 -4 -5 5 -7 -8 -9 9 11 -12 -13 13 -15
leaf_value=-0.051077448102372927 0.051966693559875259 -2.6720774550614756e-05 0.052691503200559646 -0.051605733989317275 0.052164244063101765 0.052290176404783832 -0.051095242426840215 0.052156137374370283 0.05216430972211436 0.0521643102755091 0.052164310166882569 0.052164308641184425 0.052164310267399518 0.052164310267399511
leaf_weight=32.02720145881176 0.83538682013750687 0.74453456699848075 0.8239838220179071 0.41558750718831916 0.87488809600473416 0.8375847339630117 0.5655489806085815 0.87184639647602935 0.95445173233747782 8.5502984374761581 15.032617181539534 0.99422020837664682 0.9942207522690294 0.99422075226902962
leaf_count=1551 23 4 17 14 22 20 27 22 24 215 378 25 25 25
internal_value=-0.000441585 -0.0499582 0.0521759 -0.0510844 0.0521621 0.0521676 -0.0510778 0.0521641 0.0521643 0.0521643 0.0521643 0.0521643 0.0521643 0.0521643
internal_weight=65.5166 33.7529 31.7637 33.0083 30.9397 30.1043 32.5928 29.2668 28.3949 27.52 17.9755 9.54452 2.94289 1.98844
internal_count=2392 1596 796 1592 779 756 1578 736 714 692 452 240 74 50
is_linear=0
shrinkage=0.05


Tree=56
num_leaves=17
num_cat=0
split_feature=1 1 3 1 1 4 1 3 1 1 3 0 0 1 1 0
split_gain=64.808 0.756828 7.68768e-05 3.92435e-05 1.12179e-05 4.42885e-06 6.04462e-08 1.93089e-08 1.33937e-12 7.10543e-15 7.10543e-15 3.55271e-15 3.55271e-15 3.55271e-15 3.55271e-15 4.44089e-16
threshold=107.00000000000001 63.500000000000007 97253.500000000015 60.500000000000007 418.00000000000006 145.50000000000003 55.500000000000007 94116.500000000015 648.50000000000011 970.00000000000011 92034.500000000015 1.3149317939503649 1.2458193155175137 48.500000000000007 40.500000000000007 1.3934123784738939
decision_type=2 2 2 2 2 2 2 2 2 2 2 2 2 2 2 2
left_child=1 3 4 6 -2 7 13 8 -6 -10 11 12 -11 14 -1 -13
right_child=2 -3 -4 -5 5 -7 -8 -9 9 10 -12 15 -14 -15 -16 -17
leaf_value=-0.051023792481228063 0.051867121589869419 -2.5384168464736952e-05 0.052553352963507244 -0.051525044113102859 0.05205423916133161 0.052173501158832229 -0.051040691118993065 0.052046564022084255 0.052054306333048132 0.052054303622043135 0.052054300003296611 0.052054303622043142 0.052054303622043163 -0.051023792481228084 -0.051023792481228084 0.052054303622043135
leaf_weight=28.313913345336928 0.79613148048520699 0.74452479183673759 0.78580598905682464 0.39592253789305587 0.83393355086446774 0.79847197234630485 0.53852730989456077 0.83102783560752769 1.0993089601397539 20.773148626089107 0.75814290717244048 1.2509377822279923 0.83395852148532768 1.6123200654983509 0.57021075487136741 1.5162882208824155
leaf_count=1440 23 4 17 14 22 20 27 22 29 548 20 33 22 82 29 40
internal_value=-0.000441323 -0.0498502 0.0520653 -0.0510304 0.0520523 0.0520574 -0.0510241 0.0520541 0.0520543 0.0520543 0.0520543 0.0520543 0.0520543 -0.0510238 -0.0510238 0.0520543
internal_weight=62.4526 32.1754 30.2772 31.4309 29.4913 28.6952 31.035 27.8967 27.0657 26.2318 25.1325 24.3743 21.6071 30.4964 28.8841 2.76723
internal_count=2392 1596 796 1592 779 756 1578 736 714 692 663 643 570 1551 1469 73
is_linear=0
shrinkage=0.05


Tree=57
num_leaves=13
num_cat=0
split_feature=1 1 3 1 1 4 1 3 1 1 3 1
split_gain=61.5163 0.754459 6.57207e-05 3.36623e-05 9.59444e-06 3.78772e-06 5.1835e-08 1.65032e-08 1.15108e-12 1.06581e-14 7.10543e-15 1.77636e-15
threshold=107.00000000000001 63.500000000000007 97253.500000000015 60.500000000000007 418.00000000000006 145.50000000000003 55.500000000000007 94116.500000000015 648.50000000000011 970.00000000000011 426.00000000000006 53.500000000000007
decision_type=2 2 2 2 2 2 2 2 2 2 2 2
left_child=1 3 4 6 -2 7 10 8 -6 -10 -1 -12
right_child=2 -3 -4 -5 5 -7 -8 -9 9 -11 11 -13
leaf_value=-0.050972869840920476 0.051772768822970661 -2.4115563364798587e-05 0.05242263182448146 -0.051448520283456117 0.051950040326496243 0.052063008251202886 -0.050988906775351908 0.051942772170516793 0.051950105449082296 0.051950101242080729 -0.050972869840920525 -0.050972869840920421
leaf_weight=17.766898332163706 0.75864902138710633 0.74451543390750785 0.74929863959550758 0.37715920805930991 0.7948130294680692 0.76110130175948043 0.51277013309299846 0.79203782230615516 1.0477395057678247 23.953492283821106 10.371824737638232 0.8986418545246132
leaf_count=949 23 4 17 14 22 20 27 22 29 663 554 48
internal_value=-0.000441048 -0.0497423 0.0519605 -0.0509791 0.0519482 0.051953 -0.0509731 0.0519499 0.0519501 0.0519501 -0.0509729 -0.0509729
internal_weight=59.5289 30.6718 28.8571 29.9273 28.1078 27.3492 29.5501 26.5881 25.796 25.0012 29.0374 11.2705
internal_count=2392 1596 796 1592 779 756 1578 736 714 692 1551 602
is_linear=0
shrinkage=0.05


Tree=58
num_leaves=18
num_cat=0
split_feature=1 1 3 1 1 4 1 3 1 4 0 3 3 2 3 3 4
split_gain=58.3946 0.752127 5.62006e-05 2.88806e-05 8.21003e-06 3.24008e-06 4.45494e-08 1.41464e-08 1.17595e-12 7.10543e-15 3.55271e-15 3.55271e-15 3.55271e-15 1.77636e-15 1.77636e-15 1.77636e-15 1.77636e-15
threshold=107.00000000000001 63.500000000000007 97253.500000000015 60.500000000000007 418.00000000000006 145.50000000000003 55.500000000000007 94116.500000000015 648.50000000000011 559.50000000000011 1.3196350579974616 170.50000000000003 91148.500000000015 47.500000000000007 501750.00000000006 2626.5000000000005 282.50000000000006
decision_type=2 2 2 2 2 2 2 2 2 2 2 2 2 2 2 2 2
left_child=1 3 4 6 -2 7 9 8 -6 11 12 16 -10 14 -11 -13 -1
right_child=2 -3 -4 -5 5 -7 -8 -9 10 13 -12 15 -14 -15 -16 -17 -18
leaf_value=-0.050924518913062558 0.051683335125332665 -2.2911958973793222e-05 0.052298902142138497 -0.05137593690908835 0.051851323884963087 0.051958351715121281 -0.050939755370732136 0.051844435936936079 0.051851387369351687 -0.050924518913062683 0.051851387159347985 -0.050924518913062669 0.05185138366071166 -0.050924518913062468 -0.050924518913062468 -0.050924518913062516 -0.050924518913062523
leaf_weight=8.6986581683159017 0.72286645509303227 0.74450658261775871 0.7143985740840425 0.3592589944601049 0.75745264068246854 0.72540337219834228 0.48822083324193855 0.7548026479780664 20.417403668165214 8.5917074531316704 2.6167328618466845 8.0391287580132449 0.79190513119101424 0.48127821832895357 0.48127821832895357 0.65952941030263978 0.69517964869737703
leaf_count=488 23 4 17 14 22 20 27 22 593 482 76 451 23 27 27 37 39
internal_value=-0.000440756 -0.0496342 0.0518612 -0.0509305 0.0518496 0.0518542 -0.0509248 0.0518512 0.0518514 -0.0509245 0.0518514 -0.0509245 0.0518514 -0.0509245 -0.0509245 -0.0509245 -0.0509245
internal_weight=56.7397 29.2387 27.501 28.4942 26.7866 26.0637 28.135 25.3383 24.5835 27.6468 23.826 18.0925 21.2093 9.55426 9.07299 8.69866 9.39384
internal_count=2392 1596 796 1592 779 756 1578 736 714 1551 692 1015 616 536 509 488 527
is_linear=0
shrinkage=0.05


Tree=59
num_leaves=11
num_cat=0
split_feature=1 1 3 1 1 4 1 3 1 1
split_gain=55.4338 0.749827 4.80786e-05 2.47819e-05 7.02605e-06 2.773e-06 3.82203e-08 1.20964e-08 8.3844e-13 3.55271e-15
threshold=107.00000000000001 63.500000000000007 97253.500000000015 60.500000000000007 418.00000000000006 145.50000000000003 55.500000000000007 94116.500000000015 648.50000000000011 9668.5000000000018
decision_type=2 2 2 2 2 2 2 2 2 2
left_child=1 3 4 6 -2 7 -1 8 -6 -10
right_child=2 -3 -4 -5 5 -7 -8 -9 9 -11
leaf_value=-0.050878618085320161 0.051598562333534131 -2.1766356546290276e-05 0.052181766637782845 -0.051307085950851108 0.051757777875267301 0.051859198690184488 -0.050893081595879609 0.051751248095358138 0.051757832806288984 0.05175783300890005
leaf_weight=26.321537828072916 0.68871307559312001 0.74449817836284538 0.68104386702179809 0.34218474477529426 0.7217805832624532 0.69131103530526061 0.46482515707611938 0.71925069019198318 22.047779865562919 0.65618395805358787
leaf_count=1551 23 4 17 14 22 20 27 22 672 20
internal_value=-0.000440451 -0.0495257 0.0517672 -0.0508843 0.0517561 0.0517605 -0.0508789 0.0517576 0.0517578 0.0517578
internal_weight=54.0791 27.873 26.2061 27.1285 25.525 24.8363 26.7864 24.145 23.4257 22.704
internal_count=2392 1596 796 1592 779 756 1578 736 714 692
is_linear=0
shrinkage=0.05


Tree=60
num_leaves=12
num_cat=0
split_feature=1 1 3 1 1 4 1 3 1 0 0
split_gain=52.6251 0.747553 4.11404e-05 2.1268e-05 6.01515e-06 2.3736e-06 3.28271e-08 1.03512e-08 8.98837e-13 3.55271e-15 3.55271e-15
threshold=107.00000000000001 63.500000000000007 97253.500000000015 60.500000000000007 418.00000000000006 145.50000000000003 55.500000000000007 94116.500000000015 648.50000000000011 1.20040392073854 1.1148523873013023
decision_type=2 2 2 2 2 2 2 2 2 2 2
left_child=1 3 4 6 -2 7 -1 8 -6 10 -10
right_child=2 -3 -4 -5 5 -7 -8 -9 9 -11 -12
leaf_value=-0.050835033825380772 0.051518184059293863 -2.0675758649727648e-05 0.052070833778952254 -0.05124176045580723 0.051669109793556135 0.051765239279844916 -0.050848771574877133 0.051662927601187264 0.051669168030837279 0.051669167952838616 0.051669168034674529
leaf_weight=25.05874626338483 0.65612045302987709 0.74449019134044547 0.64917422458529372 0.32590068131685157 0.68772738426924718 0.65875888615846534 0.44253096356987853 0.68531255424022575 16.287124339491136 3.8763979934155932 1.4692799970507611
leaf_count=1551 23 4 17 14 22 20 27 22 521 124 47
internal_value=-0.000440132 -0.0494165 0.051678 -0.0508404 0.0516675 0.0516717 -0.0508353 0.051669 0.0516692 0.0516692 0.0516692
internal_weight=51.5416 26.5717 24.9699 25.8272 24.3207 23.6646 25.5013 23.0058 22.3205 21.6328 17.7564
internal_count=2392 1596 796 1592 779 756 1578 736 714 692 568
is_linear=0
shrinkage=0.05


Tree=61
num_leaves=12
num_cat=0
split_feature=1 1 3 1 1 4 1 3 1 1 1
split_gain=49.9605 0.745297 3.5216e-05 1.82548e-05 5.15063e-06 2.03254e-06 2.81739e-08 8.86004e-09 5.96856e-13 3.55271e-15 2.22045e-15
threshold=107.00000000000001 63.500000000000007 97253.500000000015 60.500000000000007 418.00000000000006 145.50000000000003 55.500000000000007 94116.500000000015 648.50000000000011 1612.5000000000002 970.00000000000011
decision_type=2 2 2 2 2 2 2 2 2 2 2
left_child=1 3 4 6 -2 7 -1 8 -6 10 -10
right_child=2 -3 -4 -5 5 -7 -8 -9 9 -11 -12
leaf_value=-0.050793647141358311 0.051441962956325193 -1.9643170813682824e-05 0.051965765453386228 -0.051179774741453903 0.051585060790764026 0.051676185369731488 -0.050806690973216911 0.051579194550481301 0.051585112280773032 0.05158510913765875 0.051585109109400042
leaf_weight=23.855549664236616 0.62502250261605397 0.74448263645172019 0.61873065307736297 0.31037230044603248 0.65522552281619084 0.62768344581127067 0.42128831334411998 0.65292100608348747 0.86373245157301681 18.704274702817202 1.0424357466399667
leaf_count=1551 23 4 17 14 22 20 27 22 29 628 35
internal_value=-0.000439798 -0.0493064 0.0515935 -0.0507987 0.0515835 0.0515875 -0.0507939 0.0515849 0.0515851 0.0515851 0.0515851
internal_weight=49.1217 25.3317 23.79 24.5872 23.1713 22.5463 24.2768 21.9186 21.2657 20.6104 1.90617
internal_count=2392 1596 796 1592 779 756 1578 736 714 692 64
is_linear=0
shrinkage=0.05


Tree=62
num_leaves=12
num_cat=0
split_feature=1 1 3 1 1 4 1 3 1 1 1
split_gain=47.4321 0.743056 3.01521e-05 1.56712e-05 4.4119e-06 1.7407e-06 2.42082e-08 7.58903e-09 5.68434e-13 3.55271e-15 2.22045e-16
threshold=107.00000000000001 63.500000000000007 97253.500000000015 60.500000000000007 418.00000000000006 145.50000000000003 55.500000000000007 94116.500000000015 648.50000000000011 46.500000000000007 52.500000000000007
decision_type=2 2 2 2 2 2 2 2 2 2 2
left_child=1 3 4 6 -2 7 9 8 -6 -1 -11
right_child=2 -3 -4 -5 5 -7 -8 -9 -10 10 -12
leaf_value=-0.050754339283576581 0.051369671858838367 -1.8662594895712246e-05 0.051866223029314464 -0.051120952686675047 0.051505368233688287 0.051591765643559252 -0.050766731626904107 0.051499808052095281 0.051505416546065032 -0.050754339283576637 -0.050754339283576561
leaf_weight=21.435405626893058 0.5953553430736126 0.74447539448737998 0.58965585380792518 0.29556640610098739 0.6242098249495126 0.59802327677607436 0.40104931779205699 0.62201091274619003 19.634828707203269 0.35140009224414714 0.92242524214088917
leaf_count=1464 23 4 17 14 22 20 27 22 692 24 63
internal_value=-0.000439445 -0.049195 0.0515134 -0.0507592 0.0515039 0.0515077 -0.0507546 0.0515052 0.0515054 -0.0507543 -0.0507543
internal_weight=46.8144 24.1503 22.6641 23.4058 22.0744 21.4791 23.1103 20.881 20.259 22.7092 1.27383
internal_count=2392 1596 796 1592 779 756 1578 736 714 1551 87
is_linear=0
shrinkage=0.05


Tree=63
num_leaves=13
num_cat=0
split_feature=1 1 3 1 1 4 1 3 1 0 0 3
split_gain=45.0328 0.740823 2.58226e-05 1.34548e-05 3.78014e-06 1.49109e-06 2.07949e-08 6.50719e-09 4.86722e-13 3.55271e-15 3.55271e-15 3.55271e-15
threshold=107.00000000000001 63.500000000000007 97253.500000000015 60.500000000000007 418.00000000000006 145.50000000000003 55.500000000000007 94116.500000000015 648.50000000000011 1.3096604763135697 1.2404615110758448 91148.500000000015
decision_type=2 2 2 2 2 2 2 2 2 2 2 2
left_child=1 3 4 6 -2 7 -1 8 -6 10 11 -10
right_child=2 -3 -4 -5 5 -7 -8 -9 9 -11 -12 -13
leaf_value=-0.050717009002721795 0.0513010970203987 -1.7731028435077264e-05 0.051771894301899685 -0.051065124466436462 0.051429798630171289 0.051511724325698928 -0.050728781009471903 0.051424523506737319 0.051429844709277577 0.051429844491338556 0.051429844599240174 0.051429840857253453
leaf_weight=21.617187199182819 0.56705742329359665 0.74446858465671439 0.56189411878585716 0.28145109117030997 0.59461720474065316 0.56971893087029357 0.3817681185901155 0.59251941554248233 15.271313574165108 2.2163673769682637 0.64869296737015325 0.56760573945939619
leaf_count=1551 23 4 17 14 22 20 27 22 565 82 24 21
internal_value=-0.000439076 -0.0490822 0.0514374 -0.0507216 0.0514284 0.051432 -0.0507172 0.0514297 0.0514298 0.0514298 0.0514298 0.0514298
internal_weight=44.6147 23.0249 21.5898 22.2804 21.0279 20.4608 21.999 19.8911 19.2986 18.704 16.4876 15.8389
internal_count=2392 1596 796 1592 779 756 1578 736 714 692 610 586
is_linear=0
shrinkage=0.05


Tree=64
num_leaves=13
num_cat=0
split_feature=1 1 3 1 1 4 1 3 1 0 1 1
split_gain=42.7557 0.738593 2.21214e-05 1.1553e-05 3.23922e-06 1.27777e-06 1.78616e-08 5.57104e-09 4.05009e-13 3.55271e-15 3.55271e-15 8.88178e-16
threshold=107.00000000000001 63.500000000000007 97253.500000000015 60.500000000000007 418.00000000000006 145.50000000000003 55.500000000000007 94116.500000000015 648.50000000000011 8.5000000000000018 1101.0000000000002 884.00000000000011
decision_type=2 2 2 2 2 2 2 2 2 2 2 2
left_child=1 3 4 6 -2 7 9 8 -6 -1 11 -10
right_child=2 -3 -4 -5 5 -7 -8 -9 10 -11 -12 -13
leaf_value=-0.050681552286868208 0.051236041848333219 -1.6844474231827524e-05 0.051682494671789592 -0.051012127669816526 0.05135812083549568 0.051435823593644937 -0.050692734786248306 0.051353118981162155 0.051358166395168436 -0.050681552286868242 0.051358163542230363 0.051358163501249068
leaf_weight=20.271789893507972 0.54006931371987477 0.74446207284927268 0.53539144992828269 0.2679956741631021 0.56638685055078042 0.54271292313933273 0.36340077314525743 0.56438581459224124 0.51491275429725891 0.30513819865882297 16.786154940724373 0.51491275429725647
leaf_count=1528 23 4 17 14 22 20 27 22 20 23 652 20
internal_value=-0.000438692 -0.0489676 0.0513653 -0.0506859 0.0513568 0.0513602 -0.0506817 0.051358 0.0513582 -0.0506816 0.0513582 0.0513582
internal_weight=42.5177 21.9528 20.5649 21.2083 20.0295 19.4895 20.9403 18.9468 18.3824 20.5769 17.816 1.02983
internal_count=2392 1596 796 1592 779 756 1578 736 714 1551 692 40
is_linear=0
shrinkage=0.05


Tree=65
num_leaves=11
num_cat=0
split_feature=1 1 3 1 1 4 1 3 1 3
split_gain=40.5943 0.736361 1.89541e-05 9.9214e-06 2.7766e-06 1.09507e-06 1.53412e-08 4.77951e-09 4.12115e-13 3.55271e-15
threshold=107.00000000000001 63.500000000000007 97253.500000000015 60.500000000000007 418.00000000000006 145.50000000000003 55.500000000000007 94116.500000000015 648.50000000000011 91148.500000000015
decision_type=2 2 2 2 2 2 2 2 2 2
left_child=1 3 4 6 -2 7 -1 8 -6 -10
right_child=2 -3 -4 -5 5 -7 -8 -9 9 -11
leaf_value=-0.05064787190490555 0.051174314888370147 -1.6002934531864725e-05 0.051597745427885866 -0.050961820415802585 0.051290130199779377 0.051363837935057527 -0.05065849429117493 0.051285386583175496 0.051290174566884263 0.051290171377540675
leaf_weight=19.586067357100557 0.51433383859694615 0.74445585906505485 0.51009547524154086 0.2551706749945869 0.53945999778808129 0.51694975234568019 0.34590525459498067 0.53755153901874919 16.35594231821597 0.61304055154323478
leaf_count=1551 23 4 17 14 22 20 27 22 667 25
internal_value=-0.000438288 -0.0488511 0.051297 -0.050652 0.0512889 0.0512921 -0.0506481 0.05129 0.0512902 0.0512902
internal_weight=40.519 20.9316 19.5874 20.1871 19.0773 18.5629 19.932 18.046 17.5084 16.969
internal_count=2392 1596 796 1592 779 756 1578 736 714 692
is_linear=0
shrinkage=0.05


Tree=66
num_leaves=13
num_cat=0
split_feature=1 1 3 1 1 4 1 3 1 0 3 5
split_gain=38.5426 0.73412 1.62449e-05 8.52143e-06 2.38027e-06 9.38835e-07 1.31842e-08 4.0952e-09 2.8777e-13 3.55271e-15 3.55271e-15 3.55271e-15
threshold=107.00000000000001 63.500000000000007 97253.500000000015 60.500000000000007 418.00000000000006 145.50000000000003 55.500000000000007 94116.500000000015 648.50000000000011 1.4517543992024373 51333.000000000007 24.500000000000004
decision_type=2 2 2 2 2 2 2 2 2 2 2 2
left_child=1 3 4 6 -2 7 11 8 -6 10 -10 -1
right_child=2 -3 -4 -5 5 -7 -8 -9 9 -11 -12 -13
leaf_value=-0.050615873598847297 0.051115741044831166 -1.5203407500861454e-05 0.0515173979398914 -0.05091406022162695 0.051225629435336428 0.051295555485604161 -0.050625967085868098 0.051221126265713623 0.051225667421823766 0.051225667398638756 0.051225667461425609 -0.050615873598847665
leaf_weight=1.9471673201769721 0.48979596793652191 0.74445001780986686 0.48595549911260505 0.24294781312346359 0.51378007233143819 0.49237587861716647 0.32924132887273927 0.51196013949811359 8.0338962823152524 0.49044134281575757 7.6368715669959792 16.695156837813556
leaf_count=162 23 4 17 14 22 20 27 22 344 21 327 1389
internal_value=-0.000437864 -0.0487323 0.0512321 -0.0506198 0.0512245 0.0512275 -0.050616 0.0512255 0.0512257 0.0512257 0.0512257 -0.0506159
internal_weight=38.614 19.959 18.6551 19.2145 18.1691 17.6793 18.9716 17.1869 16.675 16.1612 15.6708 18.6423
internal_count=2392 1596 796 1592 779 756 1578 736 714 692 671 1551
is_linear=0
shrinkage=0.05


Tree=67
num_leaves=15
num_cat=0
split_feature=1 1 3 1 1 4 1 3 1 1 1 3 3 3
split_gain=36.5947 0.731867 1.39254e-05 7.31945e-06 2.0411e-06 8.04935e-07 1.13328e-08 3.51002e-09 2.98428e-13 3.55271e-15 3.55271e-15 3.55271e-15 1.77636e-15 1.77636e-15
threshold=107.00000000000001 63.500000000000007 97253.500000000015 60.500000000000007 418.00000000000006 145.50000000000003 55.500000000000007 94116.500000000015 648.50000000000011 9668.5000000000018 7881.5000000000009 49064.000000000007 91148.500000000015 88138.000000000015
decision_type=2 2 2 2 2 2 2 2 2 2 2 2 2 2
left_child=1 3 4 6 -2 7 11 8 -6 10 12 -1 13 -10
right_child=2 -3 -4 -5 5 -7 -8 -9 9 -11 -12 -13 -14 -15
leaf_value=-0.050585477062288733 0.051060149184513029 -1.4438891871345239e-05 0.051441204045590397 -0.050868707978134135 0.051164424586045511 0.051230774494632772 -0.050595069088368687 0.051160156331794354 0.051164464680699309 0.051164464543877942 0.051164464733245152 -0.050585477062288775 0.05116446181992175 0.051164464563832147
leaf_weight=16.073267431929722 0.4664028212428154 0.74444442987441917 0.46292256377637286 0.23129993677139182 0.48929258435965017 0.46893971413373847 0.31337048579007287 0.48755729012191373 11.031658943742505 0.44482496194541532 3.0025684647262105 1.6702470071613778 0.44482424296438772 0.46706620603799898
leaf_count=1405 23 4 17 14 22 20 27 22 496 20 135 146 20 21
internal_value=-0.000437422 -0.048611 0.0511706 -0.0505892 0.0511633 0.0511662 -0.0505856 0.0511643 0.0511645 0.0511645 0.0511645 -0.0505855 0.0511645 0.0511645
internal_weight=36.7987 19.0326 17.7661 18.2882 17.3031 16.8367 18.0569 16.3678 15.8802 15.3909 14.9461 17.7435 11.9435 11.4987
internal_count=2392 1596 796 1592 779 756 1578 736 714 692 672 1551 537 517
is_linear=0
shrinkage=0.05


Tree=68
num_leaves=17
num_cat=0
split_feature=1 1 3 1 1 4 1 3 1 3 0 1 1 1 3 4
split_gain=34.7454 0.729596 1.19398e-05 6.28781e-06 1.75058e-06 6.90373e-07 9.73522e-09 3.01111e-09 2.32703e-13 5.32907e-15 3.55271e-15 3.55271e-15 3.55271e-15 1.77636e-15 1.77636e-15 1.77636e-15
threshold=107.00000000000001 63.500000000000007 97253.500000000015 60.500000000000007 418.00000000000006 145.50000000000003 55.500000000000007 94116.500000000015 648.50000000000011 92034.500000000015 1.0771388192196985 46.500000000000007 6.5000000000000009 9336.5000000000018 3551.0000000000005 4714.0000000000009
decision_type=2 2 2 2 2 2 2 2 2 2 2 2 2 2 2 2
left_child=1 3 4 6 -2 7 11 8 -6 10 13 12 14 -10 15 -1
right_child=2 -3 -4 -5 5 -7 -8 -9 9 -11 -12 -13 -14 -15 -16 -17
leaf_value=-0.05055659941854828 0.051007382271034032 -1.3717395314635775e-05 0.051368944569159081 -0.050825647483379671 0.051106348742397036 0.05116931261538922 -0.05056571218050096 0.051102295582177652 0.051106384789898242 0.051106379315954832 0.05110638477236748 -0.050556599418548211 -0.05055659941854828 0.051106384819928068 -0.05055659941854812 -0.050556599418547933
leaf_weight=12.053203658200806 0.44410344772041455 0.74443912506103416 0.44094936363398929 0.22020101733505626 0.46594508178532024 0.44659155607223588 0.298255929723381 0.46429070830345232 9.5098050218075443 0.42359866201877672 4.0030136965215215 0.94727074820548374 3.1684573302045473 0.7201188653707512 0.47907945886254388 0.23953972943127233
leaf_count=1107 23 4 17 14 22 20 27 22 449 20 189 87 291 34 44 22
internal_value=-0.000436959 -0.048487 0.0511122 -0.0505602 0.0511053 0.051108 -0.0505568 0.0511063 0.0511064 0.0511064 0.0511064 -0.0505566 -0.0505566 0.0511064 -0.0505566 -0.0505566
internal_weight=35.0689 18.1504 16.9184 17.406 16.4775 16.0334 17.1858 15.5868 15.1225 14.6565 14.2329 16.8876 15.9403 10.2299 12.7718 12.2927
internal_count=2392 1596 796 1592 779 756 1578 736 714 692 672 1551 1464 483 1173 1129
is_linear=0
shrinkage=0.05


Tree=69
num_leaves=14
num_cat=0
split_feature=1 1 3 1 1 4 1 3 1 0 1 1 1
split_gain=32.9893 0.727301 1.02394e-05 5.40208e-06 1.50154e-06 5.92134e-07 8.36911e-09 2.58152e-09 1.95399e-13 3.55271e-15 1.77636e-15 1.77636e-15 1.77636e-15
threshold=107.00000000000001 63.500000000000007 97253.500000000015 60.500000000000007 418.00000000000006 145.50000000000003 55.500000000000007 94116.500000000015 648.50000000000011 7.5000000000000009 9600.5000000000018 6725.0000000000009 6044.5000000000009
decision_type=2 2 2 2 2 2 2 2 2 2 2 2 2
left_child=1 3 4 6 -2 7 9 8 -6 -1 11 12 -10
right_child=2 -3 -4 -5 5 -7 -8 -9 10 -11 -12 -13 -14
leaf_value=-0.050529155308943509 0.05095729319625282 -1.3034916481855224e-05 0.051300399141250876 -0.050784748112580706 0.051051225799369417 0.051110980574446185 -0.050537816096037039 0.05104737943612743 0.051051259359833547 -0.050529155308943245 0.051051259416103494 0.051051259397499785 0.051051259416754508
leaf_weight=15.782286571338783 0.42284904047846872 0.74443408846855064 0.41999030485749322 0.20962611399590869 0.44368715025484107 0.42528360895812589 0.2838624520227303 0.44211010262370187 8.531153593212359 0.29015365988016206 0.58487818390131074 4.1143153961747894 0.72605567611754018
leaf_count=1523 23 4 17 14 22 20 27 22 423 28 29 204 36
internal_value=-0.000436475 -0.0483599 0.0510568 -0.0505325 0.0510502 0.0510528 -0.0505293 0.0510511 0.0510513 -0.0505292 0.0510513 0.0510513 0.0510513
internal_weight=33.4207 17.3104 16.1103 16.5659 15.6903 15.2675 16.3563 14.8422 14.4001 16.0724 13.9564 13.3715 9.25721
internal_count=2392 1596 796 1592 779 756 1578 736 714 1551 692 663 459
is_linear=0
shrinkage=0.05


Tree=70
num_leaves=14
num_cat=0
split_feature=1 1 3 1 1 4 1 3 1 3 1 0 0
split_gain=31.3218 0.724978 8.78217e-06 4.64131e-06 1.28846e-06 5.07963e-07 7.18656e-09 2.21915e-09 2.00728e-13 8.88178e-15 3.55271e-15 1.77636e-15 1.77636e-15
threshold=107.00000000000001 63.500000000000007 97253.500000000015 60.500000000000007 418.00000000000006 145.50000000000003 55.500000000000007 94116.500000000015 648.50000000000011 91148.500000000015 23.500000000000004 1.3989154468262859 1.3375029952032995
decision_type=2 2 2 2 2 2 2 2 2 2 2 2 2
left_child=1 3 4 6 -2 7 10 8 -6 11 -1 12 -10
right_child=2 -3 -4 -5 5 -7 -8 -9 9 -11 -12 -13 -14
leaf_value=-0.050503085333184254 0.05090973496462018 -1.2380448107767077e-05 0.051235368286820862 -0.050745905397417052 0.050998907121451678 0.051055626291515568 -0.050511312014518396 0.050995255578689093 0.050998942459483644 0.050998936245913132 -0.050503085333184206 0.050998942448261024 0.050998942575096212
leaf_weight=13.333693623542784 0.40259270556270799 0.74442929029464799 0.40000140294432718 0.19955130480229932 0.42247032374143145 0.40496983565390188 0.27015643287450153 0.42096714116633016 11.503065492957823 0.48009395785629827 1.9625776857137687 0.74894750304520208 0.55690968036651689
leaf_count=1352 23 4 17 14 22 20 27 22 599 25 199 39 29
internal_value=-0.000435967 -0.0482296 0.0510042 -0.0505063 0.050998 0.0510004 -0.0505032 0.0509988 0.0509989 0.0509989 -0.0505031 0.0509989 0.0509989
internal_weight=31.8504 16.5104 15.34 15.766 14.94 14.5374 15.5664 14.1325 13.7115 13.289 15.2963 12.8089 12.06
internal_count=2392 1596 796 1592 779 756 1578 736 714 692 1551 667 628
is_linear=0
shrinkage=0.05


Tree=71
num_leaves=20
num_cat=0
split_feature=1 1 3 1 1 4 1 3 1 3 1 1 1 1 1 1 3 3 3
split_gain=29.7383 0.722621 7.53406e-06 3.98844e-06 1.10558e-06 4.35837e-07 6.19367e-09 1.90426e-09 1.61648e-13 5.32907e-15 3.55271e-15 3.55271e-15 1.77636e-15 1.77636e-15 1.77636e-15 2.22045e-16 2.22045e-16 2.22045e-16 1.11022e-16
threshold=107.00000000000001 63.500000000000007 97253.500000000015 60.500000000000007 418.00000000000006 145.50000000000003 55.500000000000007 94116.500000000015 648.50000000000011 91148.500000000015 23.500000000000004 6892.0000000000009 1.0000000180025095e-35 928.00000000000011 5786.5000000000009 6044.5000000000009 24735.500000000004 345041.00000000006 289296.00000000006
decision_type=2 2 2 2 2 2 2 2 2 2 2 2 2 2 2 2 2 2 2
left_child=1 3 4 6 -2 7 10 8 -6 11 12 13 -1 -10 -15 -16 -12 18 -18
right_child=2 -3 -4 -5 5 -7 -8 -9 9 -11 16 -13 -14 14 15 -17 17 -19 -20
leaf_value=-0.050478302752321014 0.050864584277114447 -1.1761997462603236e-05 0.05117366820107952 -0.050709014705118904 0.050949241426751016 0.051003081716414461 -0.050486131459820588 0.050945773860507949 0.05094927063464804 0.050949268887257426 -0.05047830275232066 0.050949274019556338 -0.050478302752320896 0.050949274019556359 0.050949274019556269 0.050949274019556304 -0.05047830275232084 -0.050478302752320792 -0.050478302752320674
leaf_weight=1.3984697666019155 0.38328940421342572 0.74442477524280626 0.38094029761850912 0.18995368294417936 0.40224805846809886 0.38560604862868864 0.25710569787770587 0.40081546641886312 0.42054493352770261 0.45711345784366209 0.38481382839381773 3.9311806391924629 11.291000867262481 6.6007265616208315 0.42054490558803059 0.82280525006353855 0.74147054739296414 0.5162136722356081 0.22525687515735626
leaf_count=149 23 4 17 14 22 20 27 22 23 25 41 215 1203 361 23 45 79 55 24
internal_value=-0.000435435 -0.0480957 0.0509542 -0.0504814 0.0509484 0.0509507 -0.0504784 0.0509492 0.0509493 0.0509493 -0.0504783 0.0509493 -0.0504783 0.0509493 0.0509493 0.0509493 -0.0504783 -0.0504783 -0.0504783
internal_weight=30.3545 15.7487 14.6058 15.0043 14.2249 13.8416 14.8143 13.456 13.0552 12.6529 14.5572 12.1958 12.6895 8.26462 7.84408 1.24335 1.86775 1.48294 0.966727
internal_count=2392 1596 796 1592 779 756 1578 736 714 692 1551 667 1352 452 429 68 199 158 103
is_linear=0
shrinkage=0.05


Tree=72
num_leaves=16
num_cat=0
split_feature=1 1 3 1 1 4 1 3 1 1 0 0 1 1 1
split_gain=28.2343 0.720227 6.46466e-06 3.42728e-06 9.48729e-07 3.74092e-07 5.30677e-09 1.63164e-09 1.1724e-13 3.55271e-15 1.77636e-15 1.77636e-15 1.77636e-15 2.22045e-16 2.22045e-16
threshold=107.00000000000001 63.500000000000007 97253.500000000015 60.500000000000007 418.00000000000006 145.50000000000003 55.500000000000007 94116.500000000015 648.50000000000011 9468.0000000000018 8.5000000000000018 2.5000000000000004 13.500000000000002 51.500000000000007 35.500000000000007
decision_type=2 2 2 2 2 2 2 2 2 2 2 2 2 2 2
left_child=1 3 4 6 -2 7 10 8 -6 -10 11 12 -1 14 -14
right_child=2 -3 -4 -5 5 -7 -8 -9 9 -11 -12 -13 13 -15 -16
leaf_value=-0.050454764369704336 0.050821712411655284 -1.1176564904245028e-05 0.051115121088988746 -0.050673971541308052 0.050902088873160015 0.050953206013640964 -0.050462192642948323 0.050898797050761717 0.050902117153356866 0.05090211727358699 -0.050454764369703864 -0.050454764369704176 -0.050454764369704211 -0.050454764369704225 -0.050454764369704176
leaf_weight=11.120362062938502 0.36489595565944632 0.74442043900489885 0.36276620812714178 0.18081133812666017 0.38297569565474532 0.36714982055127698 0.2446795832365759 0.38161046989262182 11.385170292109247 0.66152369044721204 0.20543640758842308 0.69669738225638944 0.88426975440234012 0.52698904555290926 0.41980483289808035
leaf_count=1245 23 4 17 14 22 20 27 22 654 38 23 78 99 59 47
internal_value=-0.000434882 -0.047958 0.0509068 -0.0504577 0.0509012 0.0509034 -0.0504549 0.050902 0.0509021 0.0509021 -0.0504548 -0.0504548 -0.0504548 -0.0504548 -0.0504548
internal_weight=28.9296 15.0235 13.9061 14.2791 13.5433 13.1784 14.0982 12.8113 12.4297 12.0467 13.8536 13.6481 12.9514 1.83106 1.30407
internal_count=2392 1596 796 1592 779 756 1578 736 714 692 1551 1528 1450 205 146
is_linear=0
shrinkage=0.05


Tree=73
num_leaves=18
num_cat=0
split_feature=1 0 1 3 1 1 4 1 3 1 0 1 3 3 3 3 3
split_gain=26.8059 3.73594 0.0419554 5.5472e-06 2.94552e-06 8.1439e-07 3.21031e-07 4.56654e-09 1.40024e-09 1.33227e-13 1.77636e-15 1.77636e-15 1.77636e-15 1.77636e-15 1.77636e-15 1.77636e-15 4.44089e-16
threshold=107.00000000000001 0.99965409380652703 63.500000000000007 97253.500000000015 60.500000000000007 418.00000000000006 145.50000000000003 55.500000000000007 94116.500000000015 648.50000000000011 5.5000000000000009 9629.5000000000018 277598.00000000006 3181.5000000000005 78540.500000000015 75392.500000000015 91148.500000000015
decision_type=2 2 2 2 2 2 2 2 2 2 2 2 2 2 2 2 2
left_child=1 -1 4 5 7 -2 8 10 9 -7 12 14 13 -3 15 -11 -16
right_child=3 2 -4 -5 -6 6 -8 -9 -10 11 -12 -13 -14 -15 16 -17 -18
leaf_value=0.15862513307188933 0.050780998906176093 -0.050432387439130436 -0.064793402381183945 0.051059549117642961 -0.050640683084457787 0.050857319684458759 0.050905853266343074 -0.050439451077502355 0.050854197762817459 0.050857350128231962 -0.050432387439130137 0.050857350124525802 -0.050432387439130248 -0.050432387439130338 0.050857350128231872 0.050857350128231726 0.050857348419706107
leaf_weight=0.21585212647915142 0.34737104736268243 10.200087726116168 0.52856419980526048 0.34543996490538198 0.17210327461361963 0.3646103367209389 0.34956038929522115 0.23284872248768884 0.36330942995846349 8.3531472086906362 0.36550314351916391 0.43091632612049657 0.68000584840774614 1.9380166679620749 1.8562549352645885 0.44749002903699953 0.38119466602802266
leaf_count=1 23 1200 3 17 14 22 20 27 22 504 43 26 80 228 112 27 23
internal_value=-0.0004343 -0.0478162 -0.0509727 0.0508618 -0.0504351 0.0508565 0.0508586 -0.0504325 0.0508573 0.0508573 -0.0504324 0.0508574 -0.0504324 -0.0504324 0.0508574 0.0508574 0.0508573
internal_weight=27.5723 14.333 14.1171 13.2393 13.5886 12.8939 12.5465 13.4165 12.1969 11.8336 13.1836 11.469 12.8181 12.1381 11.0381 8.80064 2.23745
internal_count=2392 1596 1595 796 1592 779 756 1578 736 714 1551 692 1508 1428 666 531 135
is_linear=0
shrinkage=0.05


Tree=74
num_leaves=21
num_cat=0
split_feature=1 0 1 3 1 1 4 1 3 1 0 0 0 0 1 1 2 3 3 0
split_gain=25.4583 3.3563 0.0355057 4.76138e-06 2.53156e-06 6.98977e-07 2.75608e-07 3.92483e-09 1.19796e-09 6.57252e-14 1.77636e-15 1.77636e-15 1.77636e-15 1.77636e-15 1.77636e-15 1.77636e-15 1.77636e-15 1.77636e-15 1.77636e-15 1.11022e-16
threshold=107.00000000000001 0.99965409380652703 63.500000000000007 97253.500000000015 60.500000000000007 418.00000000000006 145.50000000000003 55.500000000000007 94116.500000000015 648.50000000000011 5.5000000000000009 1.3636975806381304 1.2994503181321855 1.214131685593816 53.500000000000007 48.500000000000007 45.500000000000007 91148.500000000015 85377.000000000015 1.3989154468262859
decision_type=2 2 2 2 2 2 2 2 2 2 2 2 2 2 2 2 2 2 2 2
left_child=1 -1 4 5 7 -2 8 10 9 -7 14 12 13 17 15 16 -3 18 -11 -13
right_child=3 2 -4 -5 -6 6 -8 -9 -10 11 -12 19 -14 -15 -16 -17 -18 -19 -20 -21
leaf_value=0.14269157166880558 0.050742334879100529 -0.050411124275070773 -0.063865280814082534 0.051006809555257195 -0.050609057333787379 0.050814810269099966 0.05086089173201111 -0.050417837204372387 0.050811844343131629 0.050814832320224712 -0.050411124275070468 0.050814832131809033 0.050814832380796496 0.050814832974987435 -0.050411124275070496 -0.050411124275070385 -0.050411124275070301 0.050814836124869728 0.050814832618916422 0.05081483236781642
leaf_weight=0.22762167453766124 0.33067498914897164 11.332470299676046 0.50990617275238115 0.3289238605648287 0.16380941867828447 0.34711091034113906 0.33279864490032274 0.22158510889858085 0.34587142057716924 8.0784654617309464 0.3478202875703581 0.34712148457765657 0.37867799215018827 0.48912584036588747 0.38826450705528337 0.26693184860050756 0.21030994132161218 0.31556468643248159 0.6942431256175049 0.61535186134278774
leaf_count=1 23 1401 3 17 14 22 20 27 22 512 43 22 24 31 48 33 26 20 44 39
internal_value=-0.000436779 -0.0476998 -0.050924 0.0508191 -0.0504137 0.050814 0.050816 -0.0504112 0.0508147 0.0508148 -0.0504111 0.0508148 0.0508148 0.0508148 -0.0504111 -0.0504111 -0.0504111 0.0508148 0.0508148 0.0508148
internal_weight=26.2726 13.6687 13.4411 12.6039 12.9312 12.275 11.9443 12.7674 11.6115 11.2657 12.5458 10.9186 9.95608 9.5774 12.198 11.8097 11.5428 9.08827 8.77271 0.962473
internal_count=2392 1596 1595 796 1592 779 756 1578 736 714 1551 692 631 607 1508 1460 1427 576 556 61
is_linear=0
shrinkage=0.05


Tree=75
num_leaves=16
num_cat=0
split_feature=1 0 1 3 1 1 4 1 3 1 3 0 0 0 2
split_gain=24.1803 3.05034 0.0300788 4.08697e-06 2.17612e-06 6.00177e-07 2.36612e-07 3.37711e-09 1.03308e-09 7.10543e-14 3.55271e-15 1.77636e-15 1.77636e-15 2.22045e-16 5.55112e-17
threshold=107.00000000000001 0.99965409380652703 63.500000000000007 97253.500000000015 60.500000000000007 418.00000000000006 145.50000000000003 55.500000000000007 94116.500000000015 648.50000000000011 407755.50000000006 1.3864234074659121 1.1681045286672613 1.3464309560849053 44.500000000000007
decision_type=2 2 2 2 2 2 2 2 2 2 2 2 2 2 2
left_child=1 -1 4 5 7 -2 8 10 9 -7 -3 12 -11 -14 -12
right_child=3 2 -4 -5 -6 6 -8 -9 -10 11 14 -13 13 -15 -16
leaf_value=0.13036558390815747 0.050705608321978617 -0.05039090876532918 -0.063007453293440083 0.050956741238757736 -0.050579012793317772 0.050774440350660879 0.0508182024868159 -0.0503972920673528 0.050771619592204359 0.050774463702434214 -0.050390908765328625 0.050774463612308141 0.050774463671302977 0.050774463802227138 -0.050390908765328882
leaf_weight=0.23643632233143108 0.3147698547691079 11.584519278258076 0.49147304892540056 0.31318170577287752 0.15591057017445642 0.33043801598250411 0.31682707741856653 0.21086204051971513 0.32925713900476772 8.2912441734224505 0.16934181004762727 0.69093696959316808 1.0814666068181402 0.33044815249741066 0.18473652005195618
leaf_count=1 23 1505 3 17 14 22 20 27 22 552 22 46 72 22 24
internal_value=-0.000438781 -0.0475899 -0.0508779 0.0507785 -0.0503934 0.0507737 0.0507756 -0.050391 0.0507744 0.0507745 -0.0503909 0.0507745 0.0507745 0.0507745 -0.0503909
internal_weight=25.0318 13.0333 12.7968 11.9986 12.3054 11.6854 11.3706 12.1495 11.0538 10.7245 11.9386 10.3941 9.70316 1.41191 0.354078
internal_count=2392 1596 1595 796 1592 779 756 1578 736 714 1551 692 646 94 46
is_linear=0
shrinkage=0.05


Tree=76
num_leaves=22
num_cat=0
split_feature=1 0 1 3 1 1 4 1 3 1 0 0 0 1 1 1 3 3 0 1 1
split_gain=22.9682 2.796 0.0255061 3.50897e-06 1.87049e-06 5.15328e-07 2.03188e-07 2.90197e-09 8.8539e-10 4.08562e-14 1.77636e-15 1.77636e-15 1.77636e-15 1.77636e-15 1.77636e-15 1.77636e-15 1.77636e-15 1.77636e-15 1.11022e-16 1.11022e-16 5.55112e-17
threshold=107.00000000000001 0.99965409380652703 63.500000000000007 97253.500000000015 60.500000000000007 418.00000000000006 145.50000000000003 55.500000000000007 94116.500000000015 648.50000000000011 7.5000000000000009 1.3793790605609788 1.3196350579974616 52.500000000000007 41.500000000000007 16.500000000000004 91148.500000000015 87037.500000000015 1.4250639614110894 36.500000000000007 54.500000000000007
decision_type=2 2 2 2 2 2 2 2 2 2 2 2 2 2 2 2 2 2 2 2 2
left_child=1 -1 4 5 7 -2 8 10 9 -7 13 12 16 14 15 -3 17 -11 -13 -17 -15
right_child=3 2 -4 -5 -6 6 -8 -9 -10 11 -12 18 -14 20 -16 19 -18 -19 -20 -21 -22
leaf_value=0.1205428645058499 0.050670724331612287 -0.050371700157422865 -0.062213177491411267 0.050909214850086849 -0.050550461067174382 0.050736101674923588 0.050777662157406013 -0.050377766043710429 0.050733421594195416 0.050736120023487812 -0.050371700157422372 0.050736120197405365 0.05073612016668453 -0.050371700157422511 -0.050371700157422483 -0.050371700157422677 0.050736122213927239 0.050736120220963757 0.05073611989528886 -0.050371700157422566 -0.050371700157422511
leaf_weight=0.24273928999900896 0.29961929190903624 9.551372684538352 0.47332021594047624 0.29817876406014043 0.14838836714625436 0.31455389503389142 0.30160978622734624 0.20065395627170879 0.31342894583940584 8.0499676791950971 0.20509082451462823 0.32886184100061733 0.34316025674343187 0.29298689216375429 0.27833754755556661 0.65922050736844617 0.32886150944978076 0.42895032092928964 0.41465197689831257 0.20509082451462746 0.16846746299415827
leaf_count=1 23 1304 3 17 14 22 20 27 22 563 28 23 24 40 38 90 23 30 29 28 23
internal_value=-0.00044043 -0.0474861 -0.050834 0.0507399 -0.0503741 0.0507354 0.0507372 -0.0503718 0.050736 0.0507361 -0.0503717 0.0507361 0.0507361 -0.0503717 -0.0503717 -0.0503717 0.0507361 0.0507361 0.0507361 -0.0503717 -0.0503717
internal_weight=23.8475 12.4257 12.1829 11.4218 11.7096 11.1237 10.824 11.5612 10.5224 10.209 11.3606 9.89445 9.15094 11.1555 10.694 10.4157 8.80778 8.47892 0.743514 0.864311 0.461454
internal_count=2392 1596 1595 796 1592 779 756 1578 736 714 1551 692 640 1523 1460 1422 616 593 52 118 63
is_linear=0
shrinkage=0.05


Tree=77
num_leaves=18
num_cat=0
split_feature=1 0 1 3 1 1 4 1 3 1 1 0 1 1 1 4 0
split_gain=21.8184 2.57949 0.0216479 3.01267e-06 1.60802e-06 4.42584e-07 1.74462e-07 2.4974e-09 7.60737e-10 5.68434e-14 3.55271e-15 1.77636e-15 1.77636e-15 1.77636e-15 1.11022e-16 1.11022e-16 5.55112e-17
threshold=107.00000000000001 0.99965409380652703 63.500000000000007 97253.500000000015 60.500000000000007 418.00000000000006 145.50000000000003 55.500000000000007 94116.500000000015 648.50000000000011 36.500000000000007 2.5000000000000004 12.500000000000002 9402.5000000000018 28.500000000000004 4382.5000000000009 7.5000000000000009
decision_type=2 2 2 2 2 2 2 2 2 2 2 2 2 2 2 2 2
left_child=1 -1 4 5 7 -2 8 10 9 -7 11 12 -3 -11 -14 -12 -13
right_child=3 2 -4 -5 -6 6 -8 -9 -10 13 15 16 14 -15 -16 -17 -18
leaf_value=0.11253194189586493 0.050637587392330499 -0.050353439636028452 -0.061476503565971945 0.050864083167479236 -0.05052333673570128 0.050699684720215549 0.050739160050845972 -0.050359208253449673 0.05069714276317442 0.05069970667662127 -0.050353439636028174 -0.050353439636028119 -0.050353439636028223 0.050699706782864645 -0.050353439636028188 -0.050353439636028299 -0.050353439636028063
leaf_weight=0.24689954519271928 0.28518848679959496 8.6357145938090873 0.4554939419031151 0.28388172574341375 0.14122525230050165 0.29942242056130908 0.28711233101785261 0.1909365104511388 0.29835081100463945 8.8196216169744694 0.40425459761172611 0.32758562220260579 0.5157731072977193 0.59886322729289609 0.23697683308273554 0.53668282786384225 0.15333795081824064
leaf_count=1 23 1239 3 17 14 22 20 27 22 648 58 47 74 44 34 77 22
internal_value=-0.000441808 -0.047388 -0.0507924 0.0507033 -0.0503557 0.050699 0.0507007 -0.0503535 0.0506996 0.0506997 -0.0503534 -0.0503534 -0.0503534 0.0506997 -0.0503534 -0.0503534 -0.0503534
internal_weight=22.7173 11.8449 11.598 10.8724 11.1425 10.5886 10.3034 11.0013 10.0163 9.71791 10.8103 9.86939 9.38846 9.41848 0.75275 0.940937 0.480924
internal_count=2392 1596 1595 796 1592 779 756 1578 736 714 1551 1416 1347 692 108 135 69
is_linear=0
shrinkage=0.05


Tree=78
num_leaves=21
num_cat=0
split_feature=1 0 1 3 1 1 4 1 3 1 1 0 0 1 2 3 0 0 1 1
split_gain=20.7275 2.39173 0.0183886 2.58697e-06 1.38243e-06 3.80149e-07 1.49835e-07 2.14751e-09 6.5533e-10 5.68434e-14 3.55271e-15 1.77636e-15 1.77636e-15 1.77636e-15 1.77636e-15 1.77636e-15 1.11022e-16 1.11022e-16 1.11022e-16 5.55112e-17
threshold=107.00000000000001 0.99965409380652703 63.500000000000007 97253.500000000015 60.500000000000007 418.00000000000006 145.50000000000003 55.500000000000007 94116.500000000015 648.50000000000011 9114.5000000000018 8.5000000000000018 2.5000000000000004 34.500000000000007 23.500000000000004 13081.000000000002 0.53972251409449912 0.95252952487396059 48.500000000000007 54.500000000000007
decision_type=2 2 2 2 2 2 2 2 2 2 2 2 2 2 2 2 2 2 2 2
left_child=1 -1 4 5 7 -2 8 11 9 -7 -11 12 13 14 15 -3 -12 -18 -15 -20
right_child=3 2 -4 -5 -6 6 -8 -9 -10 10 16 -13 -14 18 -16 -17 17 -19 19 -21
leaf_value=0.10587659703459247 0.050606106389000087 -0.050336084243282189 -0.060792220205837036 0.0508212299342947 -0.050497561304562733 0.050665094382164981 0.050702592484401204 -0.050341568001657871 0.050662678167489039 0.050665117329109569 0.050665117403851816 -0.050336084243281523 -0.050336084243281932 -0.050336084243281766 -0.050336084243281766 -0.050336084243281842 0.050665117399505237 0.050665117399694232 -0.050336084243281953 -0.050336084243281731
leaf_weight=0.24922981858253557 0.27144417166709622 8.2968932390212871 0.43803218007087785 0.27025861013680774 0.1344044543802746 0.28500895947217486 0.27330169361084777 0.18168646842241365 0.28398825787007886 8.0582277737557853 0.32388377003371793 0.15254080295562822 0.51731228828430253 0.25865614414215166 0.25865614414215166 0.33161044120788652 0.28501771949231625 0.29797307029366493 0.33824265003204346 0.1326441764831543
leaf_count=1 23 1251 3 17 14 22 20 27 22 622 25 23 78 39 39 50 22 23 51 20
internal_value=-0.000442972 -0.0472953 -0.050753 0.0506686 -0.0503382 0.0506645 0.0506661 -0.0503362 0.050665 0.0506651 0.0506651 -0.0503361 -0.0503361 -0.0503361 -0.0503361 -0.0503361 0.0506651 0.0506651 -0.0503361 -0.0503361
internal_weight=21.639 11.2899 11.0407 10.3491 10.6026 10.0788 9.8074 10.4682 9.5341 9.25011 8.9651 10.2866 10.134 9.6167 8.88716 8.6285 0.906875 0.582991 0.729543 0.470887
internal_count=2392 1596 1595 796 1592 779 756 1578 736 714 692 1551 1528 1450 1340 1301 70 45 110 71
is_linear=0
shrinkage=0.05


Tree=79
num_leaves=19
num_cat=0
split_feature=1 0 1 3 1 1 4 1 3 1 0 0 1 2 3 3 3 3
split_gain=19.6925 2.22647 0.0156322 2.22181e-06 1.18858e-06 3.26511e-07 1.28678e-07 1.84722e-09 5.62128e-10 6.03961e-14 1.77636e-15 1.77636e-15 1.77636e-15 1.11022e-16 1.11022e-16 5.55112e-17 5.55112e-17 5.55112e-17
threshold=107.00000000000001 0.99965409380652703 63.500000000000007 97253.500000000015 60.500000000000007 418.00000000000006 145.50000000000003 55.500000000000007 94116.500000000015 648.50000000000011 1.4983697265223261 1.4236101521506221 50.500000000000007 25.500000000000004 259.50000000000006 307537.00000000006 289296.00000000006 1383.5000000000002
decision_type=2 2 2 2 2 2 2 2 2 2 2 2 2 2 2 2 2 2
left_child=1 -1 4 5 7 -2 8 10 9 -7 12 -11 -3 14 -12 -14 -15 -16
right_child=3 2 -4 -5 -6 6 -8 -9 -10 11 13 -13 15 16 17 -17 -18 -19
leaf_value=0.10026298345584186 0.050576199915284829 -0.05031958478991571 -0.060155678385022338 0.050780538469661719 -0.050473067399228015 0.050632234314281113 0.050667853931358565 -0.050324798615600165 0.05062994228253645 0.050632257863131726 -0.050319584789914995 0.05063225795731905 -0.050319584789915051 -0.050319584789915342 -0.050319584789915488 -0.050319584789915488 -0.050319584789915273 -0.050319584789915307
leaf_weight=0.24999828636646348 0.25835452880710086 8.5510912165045649 0.42096599936485368 0.2572787534445532 0.1279099555686124 0.27128041069954179 0.26014635059982616 0.17288164747878987 0.27030824963003475 8.1509934775531256 0.13252613693475801 0.38227051496505815 0.14514767378568727 0.15145844221115112 0.2713630422949791 0.2713630422949791 0.1262153685092926 0.13883690536022186
leaf_count=1 23 1355 3 17 14 22 20 27 22 661 21 31 23 24 43 43 20 22
internal_value=-0.000443966 -0.0472076 -0.0507155 0.0506355 -0.0503216 0.0506316 0.0506332 -0.0503197 0.0506322 0.0506323 -0.0503196 0.0506323 -0.0503196 -0.0503196 -0.0503196 -0.0503196 -0.0503196 -0.0503196
internal_weight=20.6104 10.7598 10.5098 9.85063 10.0888 9.59335 9.335 9.96088 9.07485 8.80454 9.788 8.53326 8.9676 0.8204 0.542726 0.416511 0.277674 0.4102
internal_count=2392 1596 1595 796 1592 779 756 1578 736 714 1551 692 1421 130 86 66 44 65
is_linear=0
shrinkage=0.05


Tree=80
num_leaves=16
num_cat=0
split_feature=1 0 1 3 1 1 4 1 3 1 0 1 1 2 1
split_gain=18.7103 2.07926 0.0132985 1.90828e-06 1.02191e-06 2.8048e-07 1.10566e-07 1.58737e-09 4.82364e-10 3.01981e-14 1.77636e-15 1.77636e-15 1.77636e-15 1.77636e-15 5.55112e-17
threshold=107.00000000000001 0.99965409380652703 63.500000000000007 97253.500000000015 60.500000000000007 418.00000000000006 145.50000000000003 55.500000000000007 94116.500000000015 648.50000000000011 6.5000000000000009 50.500000000000007 38.500000000000007 39.500000000000007 54.500000000000007
decision_type=2 2 2 2 2 2 2 2 2 2 2 2 2 2 2
left_child=1 -1 4 5 7 -2 8 10 9 -7 11 12 13 -3 -13
right_child=3 2 -4 -5 -6 6 -8 -9 -10 -11 -12 14 -14 -15 -16
leaf_value=0.095467873830169886 0.050547784567299248 -0.050303902882599054 -0.059562771173508111 0.050741889093506812 -0.050449788085214567 0.050601023833102193 0.050634862080287536 -0.050308857694340486 0.050598842838273886 0.050601041343164913 -0.050303902882598589 -0.050303902882598707 -0.05030390288259854 -0.050303902882598499 -0.050303902882598631
leaf_weight=0.2494365870952614 0.24588909279554805 8.2566180499270434 0.40432003140449602 0.24491281621158201 0.12172644305974323 0.25820506550371192 0.24761604145169336 0.16450090985745269 0.25727920792996961 8.1219728235155326 0.22217808570712883 0.31825509574264366 0.19815883319825012 0.18014439381659109 0.13811070192605257
leaf_count=1 23 1375 3 17 14 22 20 27 22 692 37 53 33 30 23
internal_value=-0.000444823 -0.0471246 -0.05068 0.0506042 -0.0503058 0.0506005 0.0506019 -0.050304 0.050601 0.050601 -0.0503039 -0.0503039 -0.0503039 -0.0503039 -0.0503039
internal_weight=19.6293 10.2534 10.004 9.37588 9.59969 9.13096 8.88507 9.47797 8.63746 8.38018 9.31347 9.09129 8.63492 8.43676 0.456366
internal_count=2392 1596 1595 796 1592 779 756 1578 736 714 1551 1514 1438 1405 76
is_linear=0
shrinkage=0.05


Tree=81
num_leaves=16
num_cat=0
split_feature=1 0 1 3 1 1 4 1 3 1 0 0 0 1 1
split_gain=17.7782 1.94684 0.0113208 1.63935e-06 8.78677e-07 2.40943e-07 9.49938e-08 1.36481e-09 4.13531e-10 1.95399e-14 1.77636e-15 1.77636e-15 1.77636e-15 8.88178e-16 5.55112e-17
threshold=107.00000000000001 0.99965409380652703 63.500000000000007 97253.500000000015 60.500000000000007 418.00000000000006 145.50000000000003 55.500000000000007 94116.500000000015 648.50000000000011 6.5000000000000009 2.5000000000000004 1.4983697265223261 6126.0000000000009 26.500000000000004
decision_type=2 2 2 2 2 2 2 2 2 2 2 2 2 2 2
left_child=1 -1 4 5 7 -2 8 10 9 -7 11 12 -3 -11 -13
right_child=3 2 -4 -5 -6 6 -8 -9 -10 13 -12 14 -14 -15 -16
leaf_value=0.091327914974331029 0.050520785612272683 -0.050288992349147868 -0.059009818184875454 0.050705187053919257 -0.050427662899977445 0.050571368275542455 0.050603515148660995 -0.050293702309725054 0.050569295968375977 0.050571382485254793 -0.050288992349147389 -0.050288992349147368 -0.050288992349147278 0.050571382377713595 -0.050288992349147514
leaf_weight=0.24774587154388505 0.23401878681033572 8.1190338241867614 0.38811345398426134 0.23313266411423761 0.1158392922952779 0.24575265683233372 0.23568188957870084 0.15652406448498446 0.24487094487994898 4.7811534153297544 0.21140341414138752 0.19997620256617743 0.16569456784054715 2.9491228256374598 0.16569456784054637
leaf_count=1 23 1421 3 17 14 22 20 27 22 428 37 35 29 264 29
internal_value=-0.000445563 -0.0470461 -0.0506462 0.0505743 -0.0502908 0.0505708 0.0505722 -0.0502891 0.0505713 0.0505714 -0.050289 -0.050289 -0.050289 0.0505714 -0.050289
internal_weight=18.6938 9.77003 9.52228 8.92373 9.13417 8.6906 8.45658 9.01833 8.2209 7.97603 8.8618 8.6504 8.28473 7.73028 0.365671
internal_count=2392 1596 1595 796 1592 779 756 1578 736 714 1551 1514 1450 692 64
is_linear=0
shrinkage=0.05


Tree=82
num_leaves=15
num_cat=0
split_feature=1 0 1 3 1 1 4 1 3 1 0 0 3 0
split_gain=16.8934 1.82676 0.00964333 1.40824e-06 7.55541e-07 2.07033e-07 8.16055e-08 1.17364e-09 3.55622e-10 3.4639e-14 1.77636e-15 1.77636e-15 1.77636e-15 8.88178e-16
threshold=107.00000000000001 0.99965409380652703 63.500000000000007 97253.500000000015 60.500000000000007 418.00000000000006 145.50000000000003 55.500000000000007 94116.500000000015 648.50000000000011 8.5000000000000018 5.5000000000000009 501750.00000000006 1.4320773903478552
decision_type=2 2 2 2 2 2 2 2 2 2 2 2 2 2
left_child=1 -1 4 5 7 -2 8 10 9 -7 11 12 -3 -11
right_child=3 2 -4 -5 -6 6 -8 -9 -10 13 -12 -13 -14 -15
leaf_value=0.08772074924167661 0.050495130293863134 -0.050274821401850023 -0.058493533189199955 0.050670318682219717 -0.050406637380483614 0.050543187950035706 0.050573734766338453 -0.050279298990248744 0.050541223898481952 0.050543207404057967 -0.05027482140184926 -0.050274821401849148 -0.050274821401849294 0.050543207471406372
leaf_weight=0.24510131776332933 0.22271580621599874 8.0676817949861181 0.37236077338457185 0.22191139496862966 0.11023454554379064 0.23389420006424 0.22431623563170422 0.14893187256530005 0.23305455967783917 7.0808328595012426 0.12503819493576962 0.1087288651615389 0.13047463819384653 0.276428923010826
leaf_count=1 23 1484 3 17 14 22 20 27 22 666 23 20 24 26
internal_value=-0.00044621 -0.0469717 -0.0506142 0.050546 -0.0502766 0.0505427 0.050544 -0.0502749 0.0505431 0.0505432 -0.0502748 -0.0502748 -0.0502748 0.0505432
internal_weight=17.8017 9.30855 9.06345 8.49315 8.69109 8.27124 8.04853 8.58086 7.82421 7.59116 8.43192 8.30689 8.19816 7.35726
internal_count=2392 1596 1595 796 1592 779 756 1578 736 714 1551 1528 1508 692
is_linear=0
shrinkage=0.05


Tree=83
num_leaves=12
num_cat=0
split_feature=1 0 1 3 1 1 4 1 3 1 0
split_gain=16.0535 1.71713 0.00821924 1.20999e-06 6.49743e-07 1.77893e-07 7.01269e-08 1.01059e-09 3.05849e-10 2.04281e-14 8.88178e-16
threshold=107.00000000000001 0.99965409380652703 63.500000000000007 97253.500000000015 60.500000000000007 418.00000000000006 145.50000000000003 55.500000000000007 94116.500000000015 648.50000000000011 0.83797273826060714
decision_type=2 2 2 2 2 2 2 2 2 2 2
left_child=1 -1 4 5 7 -2 8 -3 9 -7 -11
right_child=3 2 -4 -5 -6 6 -8 -9 -10 10 -12
leaf_value=0.084552837256624269 0.050470749135051451 -0.050261343089493864 -0.058010966791022113 0.050637201271125865 -0.050386652586528351 0.05051641649372484 0.050545439489908119 -0.050265602656363088 0.050514546422677845 0.050516431873351621 0.050516431874293721
leaf_weight=0.24165585637092668 0.2119535803794842 8.0227900505997187 0.35707215964794237 0.21122323162853707 0.10489888209849674 0.2226019799709319 0.21349263284355391 0.14170600986108262 0.22180247027426947 3.9260103991255164 3.0760494843125343
leaf_count=1 23 1551 3 17 14 22 20 27 22 388 304
internal_value=-0.000446774 -0.0469013 -0.0505837 0.0505191 -0.050263 0.0505159 0.0505172 -0.0502614 0.0505164 0.0505164 0.0505164
internal_weight=16.9513 8.86812 8.62647 8.08313 8.26939 7.87191 7.65996 8.1645 7.44646 7.22466 7.00206
internal_count=2392 1596 1595 796 1592 779 756 1578 736 714 692
is_linear=0
shrinkage=0.05


Tree=84
num_leaves=13
num_cat=0
split_feature=1 0 1 3 1 1 4 1 3 1 1 4
split_gain=15.2561 1.6165 0.0070093 1.03961e-06 5.58738e-07 1.52881e-07 6.0263e-08 8.67761e-10 2.63323e-10 1.42109e-14 8.88178e-16 8.88178e-16
threshold=107.00000000000001 0.99965409380652703 63.500000000000007 97253.500000000015 60.500000000000007 418.00000000000006 145.50000000000003 55.500000000000007 94116.500000000015 648.50000000000011 9668.5000000000018 70.500000000000014
decision_type=2 2 2 2 2 2 2 2 2 2 2 2
left_child=1 -1 4 5 7 -2 8 11 9 -7 -11 -3
right_child=3 2 -4 -5 -6 6 -8 -9 -10 10 -12 -13
leaf_value=0.081751393397631322 0.050447582049687106 -0.050248531847841241 -0.057559464364222983 0.050605737038366273 -0.050367654666936545 0.050490980386246845 0.050518557821702073 -0.050252578356058814 0.050489200691166851 0.050490993977080338 0.050490994000203675 -0.050248531847841262
leaf_weight=0.23754313588142473 0.20170673727989097 1.6388947349041698 0.34225425124168385 0.20104352105408896 0.099819591268896946 0.21184954233467568 0.20318582002073515 0.13482897542417038 0.21108828485012043 6.4712402820587158 0.19259644765406836 5.9945158772170544
leaf_count=1 23 333 3 17 14 22 20 27 22 672 20 1218
internal_value=-0.000447271 -0.0468345 -0.0505548 0.0504935 -0.0502501 0.0504905 0.0504917 -0.0502486 0.0504909 0.050491 0.050491 -0.0502485
internal_weight=16.1406 8.44786 8.21031 7.69271 7.86806 7.49167 7.28996 7.76824 7.08677 6.87569 6.66384 7.63341
internal_count=2392 1596 1595 796 1592 779 756 1578 736 714 692 1551
is_linear=0
shrinkage=0.05


Tree=85
num_leaves=12
num_cat=0
split_feature=1 0 1 3 1 1 4 1 3 1 1
split_gain=14.499 1.52369 0.00598055 8.93401e-07 4.80497e-07 1.31388e-07 5.17732e-08 7.45662e-10 2.26219e-10 1.77636e-14 8.88178e-16
threshold=107.00000000000001 0.99965409380652703 63.500000000000007 97253.500000000015 60.500000000000007 418.00000000000006 145.50000000000003 55.500000000000007 94116.500000000015 648.50000000000011 6892.0000000000009
decision_type=2 2 2 2 2 2 2 2 2 2 2
left_child=1 -1 4 5 7 -2 8 -3 9 -7 -11
right_child=3 2 -4 -5 -6 6 -8 -9 -10 10 -12
leaf_value=0.079258944730293573 0.050425562355765709 -0.050236356780201712 -0.057136633755421544 0.050575847743971995 -0.050349601437819393 0.050466802214328026 0.050493006264240282 -0.050240202313872662 0.050465113528702067 0.050466817466410456 0.050466817347382675
leaf_weight=0.23287993669509699 0.19195105042308647 7.2628404870629311 0.32791049033403386 0.19134868308901776 0.094984522089362033 0.20161162689328183 0.19337165728211392 0.12828408693894733 0.20088680367916811 4.3072902336716652 2.0345073910430074
leaf_count=1 23 1551 3 17 14 22 20 27 22 470 222
internal_value=-0.000447713 -0.0467713 -0.0505274 0.0504692 -0.0502379 0.0504664 0.0504675 -0.0502364 0.0504668 0.0504668 0.0504668
internal_weight=15.3679 8.0469 7.81402 7.32097 7.48611 7.12962 6.93767 7.39112 6.7443 6.54341 6.3418
internal_count=2392 1596 1595 796 1592 779 756 1578 736 714 692
is_linear=0
shrinkage=0.05


Tree=86
num_leaves=16
num_cat=0
split_feature=1 0 1 3 1 1 4 1 3 1 3 0 0 1 1
split_gain=13.7801 1.43774 0.00510526 7.67754e-07 4.13275e-07 1.12946e-07 4.44899e-08 6.43078e-10 1.94915e-10 2.57572e-14 3.55271e-15 8.88178e-16 8.88178e-16 2.22045e-16 5.55112e-17
threshold=107.00000000000001 0.99965409380652703 63.500000000000007 97253.500000000015 60.500000000000007 418.00000000000006 145.50000000000003 55.500000000000007 94116.500000000015 648.50000000000011 92034.500000000015 2.5000000000000004 1.1545743888232651 2626.5000000000005 41.500000000000007
decision_type=2 2 2 2 2 2 2 2 2 2 2 2 2 2 2
left_child=1 -1 4 5 7 -2 8 11 9 -7 12 -3 -11 -14 -13
right_child=3 2 -4 -5 -6 6 -8 -9 -10 10 -12 14 13 -15 -16
leaf_value=0.077029431123967929 0.050404635616328797 -0.050224771935736261 -0.056740303049455265 0.050547449601349596 -0.050332437729918279 0.050443827779460132 0.050468732040515413 -0.050228433152743973 0.050442225089784888 0.05044384672481779 0.050443840361300465 -0.05022477193573615 0.050443846026244001 0.0504438468202483 -0.050224771935735706
leaf_weight=0.22776843607425679 0.18266338435932983 6.4601945225149393 0.31404161453247059 0.18211618345230807 0.090382105670869239 0.19186404906213272 0.18402705341577519 0.1220554714091121 0.19117396604269732 4.5961577175185084 0.17442696169018734 0.36087983194738615 0.27908358443528392 0.98551389202475548 0.089106131345033646
leaf_count=1 23 1450 3 17 14 22 20 27 22 527 20 81 32 113 20
internal_value=-0.000448102 -0.0467114 -0.0505013 0.0504461 -0.0502262 0.0504434 0.0504445 -0.0502248 0.0504438 0.0504438 0.0504438 -0.0502248 0.0504438 0.0504438 -0.0502248
internal_weight=14.6315 7.66443 7.43666 6.96703 7.12262 6.78491 6.60225 7.03224 6.41822 6.22705 6.03518 6.91018 5.86076 1.2646 0.449986
internal_count=2392 1596 1595 796 1592 779 756 1578 736 714 692 1551 672 145 101
is_linear=0
shrinkage=0.05


Tree=87
num_leaves=16
num_cat=0
split_feature=1 0 1 3 1 1 4 1 3 1 0 0 1 0 0
split_gain=13.0974 1.35789 0.00436004 6.59857e-07 3.55435e-07 9.70579e-08 3.8249e-08 5.52212e-10 1.66597e-10 1.33227e-14 8.88178e-16 8.88178e-16 8.88178e-16 1.11022e-16 1.11022e-16
threshold=107.00000000000001 0.99965409380652703 63.500000000000007 97253.500000000015 60.500000000000007 418.00000000000006 145.50000000000003 55.500000000000007 94116.500000000015 648.50000000000011 0.14796716218352665 1.3559302644920563 38.500000000000007 0.10126980231569881 1.3893950327465656
decision_type=2 2 2 2 2 2 2 2 2 2 2 2 2 2 2
left_child=1 -1 4 5 7 -2 8 12 9 -7 13 -12 -3 -11 -13
right_child=3 2 -4 -5 -6 6 -8 -9 -10 10 11 14 -14 -15 -16
leaf_value=0.07502554270454613 0.050384747858171652 -0.050213764199818933 -0.056368501479033307 0.050520463012928334 -0.050316123501136789 0.050421996006106987 0.050445662324730627 -0.050217242415107978 0.05042047249499873 0.050422009036892618 0.050422009008816417 0.050422008990589462 -0.050213764199818857 0.050422008988835601 0.0504220090390212
leaf_weight=0.22229781746864308 0.173821645323187 6.0743787758983672 0.30064603686332692 0.17332446947693814 0.086001290008425602 0.18258376698940981 0.17512998543679703 0.11612797621637572 0.18192677292972792 0.37347828596830357 4.6145320180803537 0.16599036753177632 0.50019308831542719 0.22408699709922075 0.36517876666039228
leaf_count=1 23 1433 3 17 14 22 20 27 22 45 556 20 118 27 44
internal_value=-0.000448451 -0.0466546 -0.0504765 0.0504242 -0.0502151 0.0504216 0.0504226 -0.0502138 0.050422 0.050422 0.050422 0.050422 -0.0502138 0.050422 0.050422
internal_weight=13.9297 7.29964 7.07735 6.63005 6.7767 6.45673 6.28291 6.6907 6.10778 5.92585 5.74327 5.1457 6.57457 0.597565 0.531169
internal_count=2392 1596 1595 796 1592 779 756 1578 736 714 692 620 1551 72 64
is_linear=0
shrinkage=0.05


Tree=88
num_leaves=17
num_cat=0
split_feature=1 0 1 3 1 1 4 1 3 1 2 3 0 3 0 1
split_gain=12.449 1.28349 0.00372519 5.67199e-07 3.05714e-07 8.34231e-08 3.28877e-08 4.74111e-10 1.43749e-10 6.21725e-15 1.77636e-15 1.77636e-15 8.88178e-16 4.44089e-16 2.22045e-16 5.55112e-17
threshold=107.00000000000001 0.99965409380652703 63.500000000000007 97253.500000000015 60.500000000000007 418.00000000000006 145.50000000000003 55.500000000000007 94116.500000000015 648.50000000000011 41.500000000000007 82976.000000000015 1.0582837598252788 28386.500000000004 1.3263954075509696 54.500000000000007
decision_type=2 2 2 2 2 2 2 2 2 2 2 2 2 2 2 2
left_child=1 -1 4 5 7 -2 8 10 9 -7 -3 12 13 -11 -14 -12
right_child=3 2 -4 -5 -6 6 -8 -9 -10 11 15 -13 14 -15 -16 -17
leaf_value=0.073216689005635063 0.050365845536099907 -0.05020329479118725 -0.056019449236357169 0.050494826393325823 -0.050300613577785751 0.050401248561250056 0.050423741865273 -0.050206598915942383 0.050399795334586744 0.050401258395761123 -0.050203294791187125 0.050401258110290538 0.05040125839576115 0.050401258395761185 0.050401258395761095 -0.050203294791186716
leaf_weight=0.21654596924781788 0.16540475469082583 5.8236657492816448 0.28772015869617451 0.1649529356509446 0.08183155022561539 0.17374874278902996 0.16665939055383194 0.11048717238008965 0.17312330938875664 0.86087266821414266 0.33877279981970776 0.77399534825235594 0.8608726682141421 2.472047203220427 0.49756860639899969 0.092759218998253345
leaf_count=1 23 1444 3 17 14 22 20 27 22 109 84 98 109 313 63 23
internal_value=-0.000448763 -0.0466007 -0.050453 0.0504033 -0.0502046 0.0504009 0.0504018 -0.0502034 0.0504012 0.0504013 -0.0502033 0.0504013 0.0504013 0.0504013 0.0504013 -0.0502033
internal_weight=13.261 6.95178 6.73524 6.30925 6.44752 6.14429 5.97889 6.36568 5.81223 5.63911 6.2552 5.46536 4.69136 3.33292 1.35844 0.431532
internal_count=2392 1596 1595 796 1592 779 756 1578 736 714 1551 692 594 422 172 107
is_linear=0
shrinkage=0.05


Tree=89
num_leaves=16
num_cat=0
split_feature=1 0 1 3 1 1 4 1 3 1 0 0 3 3 3
split_gain=11.8332 1.214 0.00318405 4.87517e-07 2.62964e-07 7.17257e-08 2.82616e-08 4.08569e-10 1.23136e-10 7.99361e-15 8.88178e-16 8.88178e-16 8.88178e-16 5.55112e-17 2.77556e-17
threshold=107.00000000000001 0.99965409380652703 63.500000000000007 97253.500000000015 60.500000000000007 418.00000000000006 145.50000000000003 55.500000000000007 94116.500000000015 648.50000000000011 4.5000000000000009 1.4092119438250601 90496.000000000015 407755.50000000006 2348.5000000000005
decision_type=2 2 2 2 2 2 2 2 2 2 2 2 2 2 2
left_child=1 -1 4 5 7 -2 8 10 9 -7 12 -11 -3 -14 -12
right_child=3 2 -4 -5 -6 6 -8 -9 -10 11 14 -13 13 -15 -16
leaf_value=0.071577578454773735 0.050347874484970502 -0.050193339919886115 -0.055691512767945352 0.050470458371853655 -0.050285870135018722 0.050381524994645925 0.050402901973779148 -0.050196484509266885 0.050380148196787156 0.050381536348448955 -0.050193339919885727 0.05038153629162706 -0.050193339919885976 -0.05019333991988581 -0.050193339919885505
leaf_weight=0.21058076620101918 0.15739261033013452 5.3220005366019905 0.27525863796472538 0.15698192548006762 0.07786282431334246 0.16533798398450006 0.15859520528465498 0.10511929588392366 0.16474259458482254 4.9227146729826927 0.11127470480278123 0.27807702589780081 0.28010529140010465 0.157319410238415 0.080578234512358904
leaf_count=1 23 1387 3 17 14 22 20 27 22 655 29 37 73 41 21
internal_value=-0.00044904 -0.0465496 -0.0504306 0.0503835 -0.0501946 0.0503812 0.0503821 -0.0501934 0.0503815 0.0503815 -0.0501933 0.0503815 -0.0501933 -0.0501933 -0.0501933
internal_weight=12.6239 6.6201 6.40952 6.00384 6.13426 5.84686 5.68947 6.0564 5.53087 5.36613 5.95128 5.20079 5.75943 0.437425 0.191853
internal_count=2392 1596 1595 796 1592 779 756 1578 736 714 1551 692 1501 114 50
is_linear=0
shrinkage=0.05


Tree=90
num_leaves=13
num_cat=0
split_feature=1 0 1 3 1 1 4 1 3 1 0 0
split_gain=11.2483 1.14895 0.00272255 4.1911e-07 2.26183e-07 6.16653e-08 2.42995e-08 3.52607e-10 1.06112e-10 7.10543e-15 8.88178e-16 8.88178e-16
threshold=107.00000000000001 0.99965409380652703 63.500000000000007 97253.500000000015 60.500000000000007 418.00000000000006 145.50000000000003 55.500000000000007 94116.500000000015 648.50000000000011 1.4092119438250601 1.2824232063271557
decision_type=2 2 2 2 2 2 2 2 2 2 2 2
left_child=1 -1 4 5 7 -2 8 -3 9 -7 11 -11
right_child=3 2 -4 -5 -6 6 -8 -9 -10 10 -12 -13
leaf_value=0.070087084473907144 0.050330793427451836 -0.050183874376617699 -0.055383208045564104 0.050447306226795136 -0.0502718502941574 0.050362779366576564 0.050383099304625825 -0.050186869352195185 0.050361469237504945 0.050362790255437821 0.050362790197974183 0.050362790203634669
leaf_weight=0.2044612169265746 0.1497660083696245 5.6620717125479132 0.2632547691464423 0.14939263835549343 0.074085542932152637 0.15733142010867585 0.1509182285517453 0.10001124395057548 0.15676465490832914 4.2909894338808954 0.26461102534085501 0.39334064302965988
leaf_count=1 23 1551 3 17 14 22 20 27 22 600 37 55
internal_value=-0.00044929 -0.0465012 -0.0504094 0.0503647 -0.050185 0.0503624 0.0503633 -0.0501839 0.0503628 0.0503628 0.0503628 0.0503628
internal_weight=12.017 6.30388 6.09942 5.71311 5.83617 5.56372 5.41396 5.76208 5.26304 5.10627 4.94894 4.68433
internal_count=2392 1596 1595 796 1592 779 756 1578 736 714 692 655
is_linear=0
shrinkage=0.05


Tree=91
num_leaves=13
num_cat=0
split_feature=1 0 1 3 1 1 4 1 3 1 0 0
split_gain=10.6926 1.08795 0.00232876 3.6029e-07 1.9456e-07 5.30069e-08 2.08865e-08 3.01995e-10 9.14264e-11 8.88178e-15 8.88178e-16 8.88178e-16
threshold=107.00000000000001 0.99965409380652703 63.500000000000007 97253.500000000015 60.500000000000007 418.00000000000006 145.50000000000003 55.500000000000007 94116.500000000015 648.50000000000011 8.5000000000000018 1.4517543992024373
decision_type=2 2 2 2 2 2 2 2 2 2 2 2
left_child=1 -1 4 5 7 -2 8 10 9 -7 -3 -11
right_child=3 2 -4 -5 -6 6 -8 -9 -10 11 -12 -13
leaf_value=0.06872744777264167 0.050314560447985095 -0.050174876390249361 -0.05509317910283125 0.050425300124551944 -0.050258525503897811 0.050344959856448414 0.050364274232577499 -0.050177718008495166 0.050343715262995706 0.05034497234431691 -0.050174876390248813 0.05034497236874929
leaf_weight=0.19823855161666859 0.14250664366409171 5.3069882616400719 0.25170059502124775 0.14216712675988663 0.070490561425685772 0.14970990968868125 0.14361016685143102 0.095150547334924229 0.14917041454464186 4.5662931324914098 0.07988267671316851 0.14290932985022653
leaf_count=1 23 1528 3 17 14 22 20 27 22 671 23 21
internal_value=-0.000449516 -0.0464552 -0.0503892 0.0503468 -0.050176 0.0503446 0.0503455 -0.0501749 0.0503449 0.050345 -0.0501749 0.050345
internal_weight=11.4388 6.00245 5.80421 5.43637 5.55251 5.2942 5.15169 5.48202 5.00808 4.85891 5.38687 4.7092
internal_count=2392 1596 1595 796 1592 779 756 1578 736 714 1551 692
is_linear=0
shrinkage=0.05


Tree=92
num_leaves=12
num_cat=0
split_feature=1 0 1 3 1 1 4 1 3 1 4
split_gain=10.1648 1.03065 0.00199259 3.0975e-07 1.67374e-07 4.55863e-08 1.79631e-08 2.60655e-10 7.82112e-11 3.55271e-15 8.88178e-16
threshold=107.00000000000001 0.99965409380652703 63.500000000000007 97253.500000000015 60.500000000000007 418.00000000000006 145.50000000000003 55.500000000000007 94116.500000000015 762.50000000000011 2775.5000000000005
decision_type=2 2 2 2 2 2 2 2 2 2 2
left_child=1 -1 4 5 7 -2 8 10 9 -7 -3
right_child=3 2 -4 -5 -6 6 -8 -9 -10 -11 -12
leaf_value=0.067483587982757678 0.050299121216328874 -0.050166316092388134 -0.054820164350716363 0.050404384849201823 -0.050245855789366273 0.050328027123657672 0.050346383920579357 -0.050169022663741319 0.050326841733395702 0.050328033568338086 -0.0501663160923881
leaf_weight=0.19195711612701405 0.13559706695377816 3.9982287958264351 0.24058719724416722 0.13528825109824527 0.067069177515804657 0.19425867684185494 0.13665353227406729 0.090525295818224438 0.14194166660308827 4.4291980410926044 1.1267735697329042
leaf_count=1 23 1210 3 17 14 30 20 27 22 684 341
internal_value=-0.000449719 -0.0464116 -0.05037 0.0503297 -0.0501674 0.0503277 0.0503285 -0.0501664 0.050328 0.050328 -0.0501663
internal_weight=10.8881 5.71514 5.52318 5.17294 5.2826 5.03765 4.90205 5.21553 4.7654 4.62346 5.125
internal_count=2392 1596 1595 796 1592 779 756 1578 736 714 1551
is_linear=0
shrinkage=0.05


Tree=93
num_leaves=13
num_cat=0
split_feature=1 0 1 3 1 1 4 1 3 1 0 0
split_gain=9.66326 0.976767 0.00170548 2.6628e-07 1.4397e-07 3.91927e-08 1.54487e-08 2.23718e-10 6.73399e-11 6.21725e-15 8.88178e-16 8.88178e-16
threshold=107.00000000000001 0.99965409380652703 63.500000000000007 97253.500000000015 60.500000000000007 418.00000000000006 145.50000000000003 55.500000000000007 94116.500000000015 648.50000000000011 8.5000000000000018 1.4136085767277791
decision_type=2 2 2 2 2 2 2 2 2 2 2 2
left_child=1 -1 4 5 7 -2 8 10 9 -7 -3 -11
right_child=3 2 -4 -5 -6 6 -8 -9 -10 11 -12 -13
leaf_value=0.066342660031733905 0.050284450510596559 -0.050158181007658377 -0.054563033558897245 0.050384503082715186 -0.050233808886399306 0.05031192318843293 0.050329379035639159 -0.050160751760950265 0.050310799758940296 0.050311933550634562 -0.050158181007657766 0.050311933633322065
leaf_weight=0.18565516173839558 0.1290206043049692 4.8035196345299482 0.22990480810403813 0.12873965967446555 0.063813087996095308 0.13554983539506782 0.13003167929127801 0.086124161724001058 0.1350610558874904 4.0542976004071534 0.072304287692531832 0.20949259120970953
leaf_count=1 23 1528 3 17 14 22 20 27 22 658 23 34
internal_value=-0.000449903 -0.0463703 -0.0503518 0.0503135 -0.0501592 0.0503116 0.0503124 -0.0501582 0.0503119 0.0503119 -0.0501582 0.0503119
internal_weight=10.3635 5.44132 5.25567 4.92219 5.02576 4.79345 4.66443 4.96195 4.5344 4.39934 4.87582 4.26379
internal_count=2392 1596 1595 796 1592 779 756 1578 736 714 1551 692
is_linear=0
shrinkage=0.05


Tree=94
num_leaves=16
num_cat=0
split_feature=1 0 1 3 1 1 4 1 3 1 0 0 0 0 0
split_gain=9.18676 0.926025 0.00146018 2.28968e-07 1.23864e-07 3.3696e-08 1.32798e-08 1.92635e-10 5.80265e-11 4.44089e-15 8.88178e-16 4.44089e-16 4.44089e-16 5.55112e-17 5.55112e-17
threshold=107.00000000000001 0.99965409380652703 63.500000000000007 97253.500000000015 60.500000000000007 418.00000000000006 145.50000000000003 55.500000000000007 94116.500000000015 681.00000000000011 1.373122725486279 0.82388563397485992 0.95477960291811381 1.4517543992024373 0.90973508464353825
decision_type=2 2 2 2 2 2 2 2 2 2 2 2 2 2 2
left_child=1 -1 4 5 7 -2 8 -3 9 -7 11 -11 14 -12 -13
right_child=3 2 -4 -5 -6 6 -8 -9 -10 10 13 12 -14 -15 -16
leaf_value=0.065293628420864114 0.050270502863507219 -0.050150439395604887 -0.054320734312349767 0.050365611773996621 -0.05022235581310959 0.05029662006390978 0.050313208956092793 -0.050152885080745807 0.050295548579067921 0.050296627426509782 0.050296629136841721 0.050296626914343903 0.050296627222368551 0.050296630587559711 0.050296626803289127
leaf_weight=0.17936551570892323 0.12276139017194498 4.6387249538674951 0.21964303404092778 0.12250573141500343 0.060714382678270229 0.15242836996912945 0.12372870231047262 0.081936362665146478 0.12851202534511674 2.2395830354653303 0.19347181543707836 0.21106019522994746 1.1315171318128703 0.12311844667419791 0.1348440139554441
leaf_count=1 23 1551 3 17 14 26 20 27 22 382 33 36 193 21 23
internal_value=-0.000450069 -0.046331 -0.0503345 0.0502982 -0.0501514 0.0502963 0.0502971 -0.0501505 0.0502966 0.0502966 0.0502966 0.0502966 0.0502966 0.0502966 0.0502966
internal_weight=9.86392 5.18038 5.00102 4.68353 4.78138 4.56103 4.43826 4.72066 4.31454 4.18602 4.03359 3.717 1.47742 0.31659 0.345904
internal_count=2392 1596 1595 796 1592 779 756 1578 736 714 688 634 252 54 59
is_linear=0
shrinkage=0.05


Tree=95
num_leaves=12
num_cat=0
split_feature=1 0 1 3 1 1 4 1 3 1 1
split_gain=8.73401 0.878192 0.0012505 1.96895e-07 1.0654e-07 2.89781e-08 1.14241e-08 1.65172e-10 4.9809e-11 4.44089e-15 8.88178e-16
threshold=107.00000000000001 0.99965409380652703 63.500000000000007 97253.500000000015 60.500000000000007 418.00000000000006 145.50000000000003 55.500000000000007 94116.500000000015 648.50000000000011 48.500000000000007
decision_type=2 2 2 2 2 2 2 2 2 2 2
left_child=1 -1 4 5 7 -2 8 10 9 -7 -3
right_child=3 2 -4 -5 -6 6 -8 -9 -10 -11 -12
leaf_value=0.064326953923590155 0.050257239118829525 -0.050143085760708334 -0.054092286836121529 0.05034765478886695 -0.05021146468063821 0.050282066620693282 0.050297842301299571 -0.050145407578091362 0.050281051184905848 0.050282075983208809 -0.050143085760708153
leaf_weight=0.17311628162860859 0.11680428590625513 4.1798047178890556 0.20979096740484227 0.11657157074660052 0.05776551691815246 0.12272155238315496 0.11772943940013636 0.077951607992872485 0.12227877508848894 3.8602700815536082 0.23331789439544071
leaf_count=1 23 1469 3 17 14 22 20 27 22 692 82
internal_value=-0.000450221 -0.0462937 -0.0503181 0.0502835 -0.050144 0.0502818 0.0502825 -0.0501431 0.050282 0.0502821 -0.0501431
internal_weight=9.38812 4.93175 4.75863 4.45638 4.54884 4.3398 4.223 4.49107 4.10527 3.98299 4.41312
internal_count=2392 1596 1595 796 1592 779 756 1578 736 714 1551
is_linear=0
shrinkage=0.05


Tree=96
num_leaves=12
num_cat=0
split_feature=1 0 1 3 1 1 4 1 3 1 1
split_gain=8.30379 0.833061 0.00107122 1.69293e-07 9.16647e-08 2.49187e-08 9.82235e-09 1.42968e-10 4.28546e-11 3.55271e-15 8.88178e-16
threshold=107.00000000000001 0.99965409380652703 63.500000000000007 97253.500000000015 60.500000000000007 418.00000000000006 145.50000000000003 55.500000000000007 94116.500000000015 681.00000000000011 52.500000000000007
decision_type=2 2 2 2 2 2 2 2 2 2 2
left_child=1 -1 4 5 7 -2 8 10 9 -7 -3
right_child=3 2 -4 -5 -6 6 -8 -9 -10 -11 -12
leaf_value=0.063434360124231842 0.05024463246130581 -0.050136084678274961 -0.053876803133436235 0.050330581902416488 -0.050201110002731343 0.050268237062914792 0.050283231550223809 -0.050138299336213013 0.050267269765806283 0.050268244259941523 -0.050136084678274712
leaf_weight=0.16693134605884541 0.11113484995439638 4.0279261060059071 0.20033729821443547 0.11092297080904234 0.054959307424723991 0.13799880305305201 0.11201942712068547 0.074160114629194029 0.11634625494480122 3.6517563732340932 0.17053719400428224
leaf_count=1 23 1488 3 17 14 26 20 27 22 688 63
internal_value=-0.000450357 -0.0462584 -0.0503024 0.0502696 -0.0501369 0.050268 0.0502686 -0.0501361 0.0502682 0.0502682 -0.0501361
internal_weight=8.93503 4.69485 4.52792 4.24018 4.32758 4.12926 4.01812 4.27262 3.9061 3.78976 4.19846
internal_count=2392 1596 1595 796 1592 779 756 1578 736 714 1551
is_linear=0
shrinkage=0.05


Tree=97
num_leaves=18
num_cat=0
split_feature=1 0 1 3 1 1 4 1 3 1 2 0 0 3 3 3 1
split_gain=7.89497 0.790444 0.00091787 1.45583e-07 7.88554e-08 2.14346e-08 8.4458e-09 1.22617e-10 3.69922e-11 3.9968e-15 8.88178e-16 4.44089e-16 4.44089e-16 2.22045e-16 1.11022e-16 5.55112e-17 2.77556e-17
threshold=107.00000000000001 0.99965409380652703 63.500000000000007 97253.500000000015 60.500000000000007 418.00000000000006 145.50000000000003 55.500000000000007 94116.500000000015 648.50000000000011 4.5000000000000009 1.3864234074659121 1.3464309560849053 46633.500000000007 28386.500000000004 345041.00000000006 4892.0000000000009
decision_type=2 2 2 2 2 2 2 2 2 2 2 2 2 2 2 2 2
left_child=1 -1 4 5 7 -2 8 10 9 -7 -3 12 -11 14 -12 -15 -13
right_child=3 2 -4 -5 -6 6 -8 -9 -10 11 13 16 -14 15 -16 -17 -18
leaf_value=0.062608631118656277 0.050232642517501092 -0.050129432036924451 -0.053673468505347356 0.050314355135974646 -0.050191263972556389 0.050255083719799545 0.050269340714229296 -0.050131534804595826 0.050254165208847117 0.050255093442499191 -0.050129432036924416 0.050255093639925807 0.05025509340716483 -0.050129432036924271 -0.050129432036923549 -0.050129432036924132 0.050255093457990445
leaf_weight=0.16083088517189015 0.1057393369264904 2.8585317567922179 0.19127042591571797 0.10554636502638448 0.052288907580077537 0.11110116867348674 0.10658487305045117 0.070552560267969855 0.11070010950788844 3.1513307760469624 0.69016802776604869 0.10100419586524356 0.11110461642965663 0.24979962198995054 0.054080330533906817 0.1416389609221369 0.13130542961880565
leaf_count=1 23 1110 3 17 14 22 20 27 22 624 268 20 22 97 21 55 26
internal_value=-0.000450484 -0.0462248 -0.0502876 0.0502564 -0.0501303 0.0502548 0.0502555 -0.0501295 0.0502551 0.0502551 -0.0501294 0.0502551 0.0502551 -0.0501294 -0.0501294 -0.0501294 0.0502551
internal_weight=8.50358 4.46916 4.30833 4.03442 4.11706 3.92887 3.82313 4.06477 3.71655 3.60585 3.99422 3.49475 3.26244 1.13569 0.744248 0.391439 0.23231
internal_count=2392 1596 1595 796 1592 779 756 1578 736 714 1551 692 646 441 289 152 46
is_linear=0
shrinkage=0.05


Tree=98
num_leaves=15
num_cat=0
split_feature=1 0 1 3 1 1 4 1 3 1 1 4 4 1
split_gain=7.50645 0.750172 0.000786653 1.25202e-07 6.78478e-08 1.84397e-08 7.26459e-09 1.05677e-10 3.17177e-11 1.77636e-15 4.44089e-16 4.44089e-16 4.44089e-16 5.55112e-17
threshold=107.00000000000001 0.99965409380652703 63.500000000000007 97253.500000000015 60.500000000000007 418.00000000000006 145.50000000000003 55.500000000000007 94116.500000000015 648.50000000000011 9166.5000000000018 95.500000000000014 48.500000000000007 9668.5000000000018
decision_type=2 2 2 2 2 2 2 2 2 2 2 2 2 2
left_child=1 -1 4 5 7 -2 8 -3 9 -7 11 12 -11 -12
right_child=3 2 -4 -5 -6 6 -8 -9 -10 10 13 -13 -14 -15
leaf_value=0.061843420218374204 0.050221242598968707 -0.050123102968384271 -0.05348149237255434 0.050298930888839126 -0.050181903794114482 0.050242584018892894 0.05025613712862953 -0.050125104377370104 0.050241709682167929 0.050242590778072416 0.050242590815620214 0.050242590763799104 0.050242590781053746 0.050242590813093874
leaf_weight=0.15483182668685902 0.10060461936518628 3.7998857656493792 0.18257862702012051 0.10042881965637196 0.049747792538255342 0.10570833273232105 0.10141263529658306 0.067120064515620359 0.10532664926722635 0.97062473697587925 0.22583843860775221 1.0186754399910567 1.0138703896664081 0.096101464238017797
leaf_count=1 23 1551 3 17 14 22 20 27 22 202 47 212 211 20
internal_value=-0.000450598 -0.0461929 -0.0502734 0.0502438 -0.0501239 0.0502424 0.0502429 -0.0501231 0.0502426 0.0502426 0.0502426 0.0502426 0.0502426 0.0502426
internal_weight=8.09276 4.25416 4.09933 3.83859 3.91675 3.73816 3.63756 3.86701 3.53615 3.43082 3.32511 3.00317 1.9845 0.32194
internal_count=2392 1596 1595 796 1592 779 756 1578 736 714 692 625 413 67
is_linear=0
shrinkage=0.05


Tree=99
num_leaves=12
num_cat=0
split_feature=1 0 1 3 1 1 4 1 3 1 0
split_gain=7.13722 0.712092 0.000674348 1.07689e-07 5.83781e-08 1.58535e-08 6.24931e-09 9.1076e-11 2.71951e-11 2.66454e-15 4.44089e-16
threshold=107.00000000000001 0.99965409380652703 63.500000000000007 97253.500000000015 60.500000000000007 418.00000000000006 145.50000000000003 55.500000000000007 94116.500000000015 648.50000000000011 0.067897420390604132
decision_type=2 2 2 2 2 2 2 2 2 2 2
left_child=1 -1 4 5 7 -2 8 -3 9 -7 -11
right_child=3 2 -4 -5 -6 6 -8 -9 -10 10 -12
leaf_value=0.061133176619922062 0.050210409444561892 -0.050117082344535838 -0.053300191609277153 0.050284269597265785 -0.050173001515615073 0.050230694903835076 0.050243583499491942 -0.050118987275602891 0.050229866409691293 0.050230702979276926 0.050230702855139975
leaf_weight=0.14894814789295185 0.09571820171549994 3.614986379630865 0.17424998804926861 0.095558002125471719 0.047329748515039571 0.10057607758790377 0.096490178257226833 0.063854175154119619 0.10021283850073803 0.13258166424930129 3.0310909799300134
leaf_count=1 23 1551 3 17 14 22 20 27 22 29 663
internal_value=-0.000450702 -0.0461626 -0.05026 0.0502319 -0.0501178 0.0502305 0.050231 -0.0501171 0.0502307 0.0502307 0.0502307
internal_weight=7.7016 4.04937 3.90042 3.65223 3.72617 3.55667 3.46095 3.67884 3.36446 3.26425 3.16367
internal_count=2392 1596 1595 796 1592 779 756 1578 736 714 692
is_linear=0
shrinkage=0.05


Tree=100
num_leaves=13
num_cat=0
split_feature=1 0 1 3 1 1 4 1 3 1 0 1
split_gain=6.78629 0.676065 0.000578196 9.26087e-08 5.02295e-08 1.36375e-08 5.3723e-09 7.83276e-11 2.34541e-11 3.9968e-15 4.44089e-16 4.44089e-16
threshold=107.00000000000001 0.99965409380652703 63.500000000000007 97253.500000000015 60.500000000000007 418.00000000000006 145.50000000000003 55.500000000000007 94116.500000000015 648.50000000000011 1.2917324983077094 22.500000000000004
decision_type=2 2 2 2 2 2 2 2 2 2 2 2
left_child=1 -1 4 5 7 -2 8 11 9 -7 -11 -3
right_child=3 2 -4 -5 -6 6 -8 -9 -10 10 -12 -13
leaf_value=0.060472953074121573 0.050200105903617891 -0.050111358223812665 -0.05312889547945901 0.050270327585818148 -0.050164536809258142 0.050219393185618633 0.050231645881287437 -0.050113169430745022 0.050218605955231199 0.050219402399985173 0.050219402341063826 -0.050111358223812609
leaf_weight=0.14319136738777194 0.091068187495694342 2.9867310170084256 0.16627261787652958 0.090922155883163103 0.045028853695839532 0.095691909547896414 0.091805553995072731 0.060746842995285877 0.095346237532794365 2.6185597688890998 0.3914790074340998 0.45233342796564091
leaf_count=1 23 1347 3 17 14 22 20 27 22 602 90 204
internal_value=-0.000450798 -0.0461339 -0.0502472 0.0502205 -0.0501121 0.0502192 0.0502197 -0.0501114 0.0502194 0.0502194 0.0502194 -0.0501114
internal_weight=7.32918 3.8543 3.71111 3.47487 3.54484 3.38395 3.29288 3.49981 3.20108 3.10573 3.01004 3.43906
internal_count=2392 1596 1595 796 1592 779 756 1578 736 714 692 1551
is_linear=0
shrinkage=0.05


Tree=101
num_leaves=12
num_cat=0
split_feature=1 0 1 3 1 1 4 1 3 1 0
split_gain=6.45276 0.641963 0.000495851 7.96516e-08 4.32112e-08 1.17288e-08 4.62204e-09 6.69624e-11 2.02216e-11 1.77636e-15 4.44089e-16
threshold=107.00000000000001 0.99965409380652703 63.500000000000007 97253.500000000015 60.500000000000007 418.00000000000006 145.50000000000003 55.500000000000007 94116.500000000015 681.00000000000011 6.5000000000000009
decision_type=2 2 2 2 2 2 2 2 2 2 2
left_child=1 -1 4 5 7 -2 8 10 9 -7 -3
right_child=3 2 -4 -5 -6 6 -8 -9 -10 -11 -12
leaf_value=0.05985839259592575 0.050190309936660404 -0.050105918207434742 -0.052967000474694416 0.050257074338998724 -0.050156486508895093 0.050208649952730403 0.050220299043580913 -0.050107635170665014 0.050207898270397511 0.050208656392154084 -0.050105918207434208
leaf_weight=0.13757072389125857 0.086643222486601057 3.1936375875957328 0.15863462537527073 0.086510063614696153 0.042839473113417514 0.10759791079908732 0.087347381748258957 0.057790405815467127 0.09071500040590752 2.8472807863727212 0.078047946328297146
leaf_count=1 23 1514 3 17 14 26 20 27 22 688 37
internal_value=-0.000450887 -0.0461066 -0.0502351 0.0502097 -0.0501066 0.0502085 0.050209 -0.0501059 0.0502086 0.0502087 -0.0501059
internal_weight=6.97462 3.66852 3.53095 3.30609 3.37232 3.21958 3.13294 3.32948 3.04559 2.95488 3.27169
internal_count=2392 1596 1595 796 1592 779 756 1578 736 714 1551
is_linear=0
shrinkage=0.05


Tree=102
num_leaves=12
num_cat=0
split_feature=1 0 1 3 1 1 4 1 3 0 1
split_gain=6.13574 0.609668 0.000425313 6.85141e-08 3.71758e-08 1.00901e-08 3.9761e-09 5.75908e-11 1.73626e-11 4.44089e-16 4.44089e-16
threshold=107.00000000000001 0.99965409380652703 63.500000000000007 97253.500000000015 60.500000000000007 418.00000000000006 145.50000000000003 55.500000000000007 94116.500000000015 1.3893950327465656 51.500000000000007
decision_type=2 2 2 2 2 2 2 2 2 2 2
left_child=1 -1 4 5 7 -2 8 10 9 -7 -3
right_child=3 2 -4 -5 -6 6 -8 -9 -10 -11 -12
leaf_value=0.059285604862280433 0.050180991453585594 -0.050100744462477254 -0.052813937841665951 0.050244473905970158 -0.050148832305147419 0.050198437027542397 0.050209507996580041 -0.05010237697821425 0.050197717047857332 0.050198437044477219 -0.050100744462476969
leaf_weight=0.13209351897239718 0.082432500552386823 2.9779860340058821 0.15132419764995564 0.082311036530882009 0.040756229776888975 2.6341409725137068 0.083104809280484804 0.054977558786049374 0.086307835299521574 0.17718436522409309 0.13445085193961848
leaf_count=1 23 1484 3 17 14 669 20 27 22 45 67
internal_value=-0.000450968 -0.0460806 -0.0502236 0.0501995 -0.0501014 0.0501982 0.0501987 -0.0501008 0.0501984 0.0501984 -0.0501007
internal_weight=6.63707 3.49159 3.35949 3.14548 3.20817 3.06317 2.98074 3.16741 2.89763 2.81133 3.11244
internal_count=2392 1596 1595 796 1592 779 756 1578 736 714 1551
is_linear=0
shrinkage=0.05


Tree=103
num_leaves=14
num_cat=0
split_feature=1 0 1 3 1 1 4 1 3 1 1 1 1
split_gain=5.8344 0.579073 0.000364875 5.89361e-08 3.19888e-08 8.67912e-09 3.42095e-09 4.97002e-11 1.49627e-11 8.88178e-16 7.77156e-16 4.44089e-16 2.77556e-17
threshold=107.00000000000001 0.99965409380652703 63.500000000000007 97253.500000000015 60.500000000000007 418.00000000000006 145.50000000000003 55.500000000000007 94116.500000000015 1331.5000000000002 648.50000000000011 35.500000000000007 884.00000000000011
decision_type=2 2 2 2 2 2 2 2 2 2 2 2 2
left_child=1 -1 4 5 7 -2 8 11 9 10 -7 -3 -12
right_child=3 2 -4 -5 -6 6 -8 -9 -10 -11 12 -13 -14
leaf_value=0.058751100113210976 0.050172135019761838 -0.050095819435764771 -0.052669179572351434 0.050232496844435384 -0.050141552631784804 0.050188716961273139 0.050199251010010694 -0.050097374316162097 0.050188037833461298 0.050188723280669395 0.050188722300058768 -0.05009581943576466 0.050188723397113937
leaf_weight=0.12676535546779666 0.078425713581965151 2.6936592618003505 0.14432965591549862 0.078314876649528631 0.038774011190980562 0.082411864073948293 0.079067483544349559 0.052301362855359801 0.082113989396020659 2.405002509476617 0.07492220401763916 0.26726597920060147 0.11238330043852329
leaf_count=1 23 1411 3 17 14 22 20 27 22 642 20 140 30
internal_value=-0.000451042 -0.046056 -0.0502126 0.0501897 -0.0500964 0.0501885 0.050189 -0.0500958 0.0501887 0.0501887 0.0501887 -0.0500958 0.0501887
internal_weight=6.31574 3.3231 3.19633 2.99264 3.052 2.91433 2.8359 3.01323 2.75683 2.67472 0.269717 2.96093 0.187306
internal_count=2392 1596 1595 796 1592 779 756 1578 736 714 72 1551 50
is_linear=0
shrinkage=0.05


Tree=104
num_leaves=12
num_cat=0
split_feature=1 0 1 3 1 1 4 1 3 1 1
split_gain=5.54796 0.550077 0.000313078 5.06833e-08 2.7525e-08 7.46452e-09 2.94115e-09 4.28937e-11 1.28497e-11 1.33227e-15 4.44089e-16
threshold=107.00000000000001 0.99965409380652703 63.500000000000007 97253.500000000015 60.500000000000007 418.00000000000006 145.50000000000003 55.500000000000007 94116.500000000015 681.00000000000011 49.500000000000007
decision_type=2 2 2 2 2 2 2 2 2 2 2
left_child=1 -1 4 5 7 -2 8 10 9 -7 -3
right_child=3 2 -4 -5 -6 6 -8 -9 -10 -11 -12
leaf_value=0.05825177075678864 0.050163712152947439 -0.050091136617042058 -0.052532232652569066 0.050221100379125944 -0.050134630193394585 0.050179478342832776 0.050189491908091827 -0.050092617600746195 0.050178832933977457 0.050179484158304422 -0.050091136617041801
leaf_weight=0.12159031629562411 0.074613055214286628 2.675119722029196 0.13763947784900654 0.074511891230940708 0.0368879442103206 0.092662859475241333 0.07522557140327979 0.049755201442167052 0.078123209532350191 2.4520660897251219 0.14165603416040529
leaf_count=1 23 1473 3 17 14 26 20 27 22 688 78
internal_value=-0.00045111 -0.0460326 -0.0502022 0.0501804 -0.0500917 0.0501793 0.0501797 -0.0500912 0.0501795 0.0501795 -0.0500911
internal_weight=6.00985 3.16265 3.04106 2.8472 2.90342 2.77269 2.69808 2.86653 2.62285 2.54473 2.81678
internal_count=2392 1596 1595 796 1592 779 756 1578 736 714 1551
is_linear=0
shrinkage=0.05


Tree=105
num_leaves=14
num_cat=0
split_feature=1 0 1 3 1 1 4 1 3 1 0 1 1
split_gain=5.27567 0.522589 0.000268676 4.36029e-08 2.36856e-08 6.42237e-09 2.52878e-09 3.68323e-11 1.10854e-11 1.77636e-15 4.44089e-16 4.44089e-16 4.44089e-16
threshold=107.00000000000001 0.99965409380652703 63.500000000000007 97253.500000000015 60.500000000000007 418.00000000000006 145.50000000000003 55.500000000000007 94116.500000000015 648.50000000000011 1.4250639614110894 53.500000000000007 928.00000000000011
decision_type=2 2 2 2 2 2 2 2 2 2 2 2 2
left_child=1 -1 4 5 7 -2 8 11 9 -7 12 -3 -11
right_child=3 2 -4 -5 -6 6 -8 -9 -10 10 -12 -13 -14
leaf_value=0.05778482455586921 0.050155702736331534 -0.050086684144324795 -0.052402642036812955 0.050210274647855706 -0.050128049130016755 0.050170694002375872 0.050180215395659734 -0.050088091191941145 0.050170081543082924 0.050170700233092252 0.050170701814485678 -0.050086684144324302 0.050170701764207626
leaf_weight=0.11657119542360339 0.070985181955621424 2.5967035306384805 0.13124231994152058 0.070892800576984771 0.035093389451503643 0.074595448561013966 0.071569668827578314 0.047332780086435267 0.074325731024145969 0.081379381939769568 0.098333415342494734 0.082928655669093021 2.1667258329689503
leaf_count=1 23 1503 3 17 14 22 20 27 22 24 29 48 639
internal_value=-0.000451173 -0.0460104 -0.0501923 0.0501716 -0.0500872 0.0501705 0.0501709 -0.0500867 0.0501707 0.0501707 0.0501707 -0.0500867 0.0501707
internal_weight=5.71868 3.00987 2.8933 2.70881 2.76206 2.63791 2.56693 2.72696 2.49536 2.42103 2.34644 2.67963 2.24811
internal_count=2392 1596 1595 796 1592 779 756 1578 736 714 692 1551 663
is_linear=0
shrinkage=0.05


Tree=106
num_leaves=13
num_cat=0
split_feature=1 0 1 3 1 1 4 1 3 1 1 1
split_gain=5.01682 0.496522 0.000230605 3.75063e-08 2.03794e-08 5.52599e-09 2.17561e-09 3.15477e-11 9.56835e-12 8.88178e-16 4.44089e-16 2.77556e-16
threshold=107.00000000000001 0.99965409380652703 63.500000000000007 97253.500000000015 60.500000000000007 418.00000000000006 145.50000000000003 55.500000000000007 94116.500000000015 884.00000000000011 23.500000000000004 648.50000000000011
decision_type=2 2 2 2 2 2 2 2 2 2 2 2
left_child=1 -1 4 5 7 -2 8 10 9 11 -3 -7
right_child=3 2 -4 -5 -6 6 -8 -9 -10 -11 -12 -13
leaf_value=0.05734773085096339 0.050148084214206794 -0.050082451264293983 -0.052279978324751612 0.050199975898407578 -0.05012178967130896 0.05016234209240264 0.050171395288825874 -0.050083786363676032 0.050161757634966553 0.050162348363211595 -0.050082451264293906 0.050162346377121983
leaf_weight=0.1117096692323688 0.067533194320277157 2.2220874698832649 0.12512707337737072 0.06744880462065328 0.033385928254574426 0.07096890313550952 0.068090843269601353 0.045028105028904863 0.070712258806452044 2.1678445904981345 0.32706760836299498 0.064519191160798073
leaf_count=1 23 1352 3 17 14 22 20 27 22 672 199 20
internal_value=-0.000451232 -0.0459892 -0.0501828 0.0501632 -0.050083 0.0501622 0.0501626 -0.0500825 0.0501623 0.0501623 -0.0500825 0.0501623
internal_weight=5.44152 2.86441 2.7527 2.57712 2.62757 2.50967 2.44214 2.59418 2.37404 2.30333 2.54916 0.135488
internal_count=2392 1596 1595 796 1592 779 756 1578 736 714 1551 42
is_linear=0
shrinkage=0.05


Tree=107
num_leaves=16
num_cat=0
split_feature=1 0 1 3 1 1 4 1 3 1 1 1 1 1 1
split_gain=4.77075 0.471797 0.000197958 3.22623e-08 1.75379e-08 4.75497e-09 1.87138e-09 2.73097e-11 8.2685e-12 1.33227e-15 7.21645e-16 4.44089e-16 4.44089e-16 2.77556e-17 1.38778e-17
threshold=107.00000000000001 0.99965409380652703 63.500000000000007 97253.500000000015 60.500000000000007 418.00000000000006 145.50000000000003 55.500000000000007 94116.500000000015 1068.0000000000002 648.50000000000011 53.500000000000007 32.500000000000007 40.500000000000007 50.500000000000007
decision_type=2 2 2 2 2 2 2 2 2 2 2 2 2 2 2
left_child=1 -1 4 5 7 -2 8 11 9 10 -7 12 -3 -14 -15
right_child=3 2 -4 -5 -6 6 -8 -9 -10 -11 -12 -13 13 14 -16
leaf_value=0.056938208728798956 0.050140841494497761 -0.050078421985109249 -0.052163844392648942 0.050190185251946441 -0.050115836732922359 0.050154399578557697 0.050163009491729083 -0.050079695584461417 0.050153844242344828 0.05015440730780623 0.050154406105674502 -0.050078421985108729 -0.050078421985108625 -0.050078421985108403 -0.050078421985108174
leaf_weight=0.10700641572475467 0.064248607028276505 2.1873661846620984 0.11928285285830487 0.064171485370024928 0.031761355232447275 0.067518130410463839 0.064780568704008945 0.042835470056161173 0.067273926688358077 2.0133302435278893 0.11048764456063509 0.07504901848733414 0.064104369957931229 0.054723242647014558 0.043778594117611647
leaf_count=1 23 1399 3 17 14 22 20 27 22 656 36 48 41 35 28
internal_value=-0.000451285 -0.0459692 -0.0501739 0.0501552 -0.0500789 0.0501543 0.0501546 -0.0500784 0.0501544 0.0501544 0.0501544 -0.0500784 -0.0500784 -0.0500784 -0.0500784
internal_weight=5.17772 2.72591 2.6189 2.45181 2.49962 2.38764 2.32339 2.46786 2.25861 2.19134 0.178006 2.42502 2.34997 0.162606 0.0985018
internal_count=2392 1596 1595 796 1592 779 756 1578 736 714 58 1551 1503 104 63
is_linear=0
shrinkage=0.05


Tree=108
num_leaves=11
num_cat=0
split_feature=1 0 1 3 1 1 4 1 3 0
split_gain=4.53681 0.448338 0.000169956 2.77592e-08 1.50878e-08 4.08921e-09 1.61157e-09 2.33076e-11 6.98241e-12 4.44089e-16
threshold=107.00000000000001 0.99965409380652703 63.500000000000007 97253.500000000015 60.500000000000007 418.00000000000006 145.50000000000003 55.500000000000007 94116.500000000015 1.4320773903478552
decision_type=2 2 2 2 2 2 2 2 2 2
left_child=1 -1 4 5 7 -2 8 -3 9 -7
right_child=3 2 -4 -5 -6 6 -8 -9 -10 -11
leaf_value=0.056554196258161916 0.050133952940229536 -0.05007459408622808 -0.052053866387932225 0.050180875235835615 -0.050110173518628467 0.050146850282113187 0.050155034915963362 -0.05007580040046733 0.050146320070737695 0.050146850418940951
leaf_weight=0.10246128588914905 0.061123350868002357 2.306923687225209 0.1136990301311015 0.061052845790982135 0.030215663602575549 2.0088533849921091 0.061630733544006833 0.040749447653069981 0.064002299681305774 0.075916050001978763
leaf_count=1 23 1551 3 17 14 688 20 27 22 26
internal_value=-0.000451336 -0.0459501 -0.0501654 0.0501476 -0.0500751 0.0501467 0.0501471 -0.0500746 0.0501468 0.0501469
internal_weight=4.92663 2.59405 2.49159 2.33258 2.37789 2.27153 2.2104 2.34767 2.14877 2.08477
internal_count=2392 1596 1595 796 1592 779 756 1578 736 714
is_linear=0
shrinkage=0.05


Tree=109
num_leaves=12
num_cat=0
split_feature=1 0 1 3 1 1 4 1 3 1 4
split_gain=4.3144 0.426077 0.000145933 2.38787e-08 1.29877e-08 3.51665e-09 1.38571e-09 2.02984e-11 6.06937e-12 6.66134e-16 4.44089e-16
threshold=107.00000000000001 0.99965409380652703 63.500000000000007 97253.500000000015 60.500000000000007 418.00000000000006 145.50000000000003 55.500000000000007 94116.500000000015 806.50000000000011 237.50000000000003
decision_type=2 2 2 2 2 2 2 2 2 2 2
left_child=1 -1 4 5 7 -2 8 10 9 -7 -3
right_child=3 2 -4 -5 -6 6 -8 -9 -10 -11 -12
leaf_value=0.056193818230520734 0.050127406395862883 -0.050070946505199554 -0.051949685041635302 0.05017202215295366 -0.050104791062540822 0.05013966594517031 0.050147449794839552 -0.05007210071728907 0.050139162076231439 0.050139669017734312 -0.050070946505199637
leaf_weight=0.098073400557041501 0.058149732183665814 1.1517598284408466 0.10836527869105328 0.058085253462195285 0.028745038900524267 0.094444432063028994 0.05863361177034665 0.0387648670002817 0.060889340937137493 1.8889265211764721 1.0428095743991432
leaf_count=1 23 814 3 17 14 34 20 27 22 680 737
internal_value=-0.000451381 -0.045932 -0.0501573 0.0501404 -0.0500714 0.0501395 0.0501399 -0.050071 0.0501397 0.0501397 -0.0500709
internal_weight=4.68765 2.46852 2.37044 2.21913 2.26208 2.16104 2.10289 2.23333 2.04426 1.98337 2.19457
internal_count=2392 1596 1595 796 1592 779 756 1578 736 714 1551
is_linear=0
shrinkage=0.05


Tree=110
num_leaves=15
num_cat=0
split_feature=1 0 1 3 1 1 4 1 3 0 0 1 1 1
split_gain=4.10295 0.404949 0.000125321 2.05446e-08 1.11729e-08 3.02562e-09 1.19233e-09 1.74261e-11 5.21228e-12 4.44089e-16 2.22045e-16 1.11022e-16 2.77556e-17 2.77556e-17
threshold=107.00000000000001 0.99965409380652703 63.500000000000007 97253.500000000015 60.500000000000007 418.00000000000006 145.50000000000003 55.500000000000007 94116.500000000015 0.61170576907938712 1.3934123784738939 7502.5000000000009 9336.5000000000018 8553.0000000000018
decision_type=2 2 2 2 2 2 2 2 2 2 2 2 2 2
left_child=1 -1 4 5 7 -2 8 -3 9 -7 11 -11 13 -13
right_child=3 2 -4 -5 -6 6 -8 -9 -10 10 -12 12 -14 -15
leaf_value=0.055855362888117446 0.050121175984766578 -0.050067482604364034 -0.051850988309495818 0.050163604347938789 -0.05009966663215093 0.050132837383053401 0.050140237233253851 -0.050068579069460023 0.050132355876603529 0.050132837369821173 0.050132837306029882 0.050132837395309909 0.050132837571047674 0.050132837746785668
leaf_weight=0.093841277062893247 0.055320437997580352 2.0876797718228786 0.10327149555087078 0.055261439643800148 0.027345851762220152 0.78224066505208645 0.055781837319955119 0.036876810481771716 0.057927398476749548 0.76638414338231065 0.11099370894953609 0.095137475989758968 0.066067691892385483 0.066067692125216126
leaf_count=1 23 1551 3 17 14 296 20 27 22 290 42 36 25 25
internal_value=-0.000451424 -0.0459148 -0.0501496 0.0501335 -0.0500679 0.0501327 0.050133 -0.0500675 0.0501328 0.0501328 0.0501328 0.0501328 0.0501328 0.0501328
internal_weight=4.4602 2.34902 2.25517 2.11118 2.1519 2.05592 2.0006 2.12456 1.94482 1.88689 1.10465 0.993657 0.227273 0.161205
internal_count=2392 1596 1595 796 1592 779 756 1578 736 714 418 376 86 61
is_linear=0
shrinkage=0.05


Tree=111
num_leaves=14
num_cat=0
split_feature=1 0 1 3 1 1 4 1 3 0 1 3 3
split_gain=3.90191 0.384892 0.000107632 1.76771e-08 9.61556e-09 2.60136e-09 1.02657e-09 1.49361e-11 4.45421e-12 4.44089e-16 2.22045e-16 1.11022e-16 1.11022e-16
threshold=107.00000000000001 0.99965409380652703 63.500000000000007 97253.500000000015 60.500000000000007 418.00000000000006 145.50000000000003 55.500000000000007 94116.500000000015 0.74302885097802485 1.5000000000000002 61629.500000000007 87452.500000000015
decision_type=2 2 2 2 2 2 2 2 2 2 2 2 2
left_child=1 -1 4 5 7 -2 8 10 9 11 -3 -7 -13
right_child=3 2 -4 -5 -6 6 -8 -9 -10 -11 -12 12 -14
leaf_value=0.055537272783713877 0.050115255356794376 -0.050064187373307083 -0.051757457248921557 0.0501556008197429 -0.050094798680842212 0.050126341143332934 0.050133380844444159 -0.05006522814522503 0.050125884839327429 0.050126341241771448 -0.05006418737330718 0.050126341013979663 0.050126342677004977
leaf_weight=0.089762896299362516 0.052628491539508437 0.79516423959285143 0.09840792417526234 0.052574483444914111 0.026014642789959797 0.52545451442711033 0.053068397566676029 0.035080594359896966 0.055109179578721412 0.88749021873809397 1.1908256728202102 0.31678101886063814 0.065367559669539332
leaf_count=1 23 621 3 17 14 209 20 27 22 353 930 126 26
internal_value=-0.000451465 -0.0458984 -0.0501422 0.050127 -0.0500646 0.0501262 0.0501265 -0.0500642 0.0501263 0.0501263 -0.0500642 0.0501263 0.0501263
internal_weight=4.24373 2.23526 2.14549 2.00847 2.04709 1.9559 1.90327 2.02107 1.8502 1.79509 1.98599 0.907603 0.382149
internal_count=2392 1596 1595 796 1592 779 756 1578 736 714 1551 361 152
is_linear=0
shrinkage=0.05


Tree=112
num_leaves=13
num_cat=0
split_feature=1 0 1 3 1 1 4 1 3 1 0 2
split_gain=3.71077 0.365848 9.24508e-05 1.52067e-08 8.27424e-09 2.23911e-09 8.82767e-10 1.29323e-11 3.84937e-12 8.88178e-16 2.22045e-16 2.22045e-16
threshold=107.00000000000001 0.99965409380652703 63.500000000000007 97253.500000000015 60.500000000000007 418.00000000000006 145.50000000000003 55.500000000000007 94116.500000000015 681.00000000000011 1.4092119438250601 1.5000000000000002
decision_type=2 2 2 2 2 2 2 2 2 2 2 2
left_child=1 -1 4 5 7 -2 8 11 9 -7 -11 -3
right_child=3 2 -4 -5 -6 6 -8 -9 -10 10 -12 -13
leaf_value=0.055238134256934884 0.050109622183365843 -0.050061051735611498 -0.051668810897219954 0.05014799013169699 -0.050090165441479921 0.050120161087815487 0.050126859912761071 -0.050062044659427644 0.050119732183076915 0.05012016736644305 0.050120167480048161 -0.050061051735611539
leaf_weight=0.085835799574852323 0.050067255273461231 0.78200956271030042 0.093765065073966869 0.05001779575832177 0.024748124880716094 0.062185428803786524 0.050486623309552559 0.033371762372553238 0.052427748451009282 1.5570682731922714 0.08849697234109033 1.1072378387907518
leaf_count=1 23 642 3 17 14 26 20 27 22 651 37 909
internal_value=-0.000451501 -0.0458828 -0.0501353 0.0501208 -0.0500614 0.0501201 0.0501203 -0.0500611 0.0501202 0.0501202 0.0501202 -0.0500611
internal_weight=4.03772 2.12697 2.04113 1.91075 1.94737 1.86073 1.81067 1.92262 1.76018 1.70775 1.64557 1.88925
internal_count=2392 1596 1595 796 1592 779 756 1578 736 714 688 1551
is_linear=0
shrinkage=0.05


Tree=113
num_leaves=19
num_cat=0
split_feature=1 0 1 3 1 1 4 1 3 0 0 0 4 0 0 0 0 1
split_gain=3.52903 0.347765 7.9418e-05 1.30809e-08 7.11942e-09 1.92702e-09 7.5966e-10 1.09992e-11 3.31268e-12 4.44089e-16 2.22045e-16 2.22045e-16 2.22045e-16 1.11022e-16 1.11022e-16 5.55112e-17 5.55112e-17 2.77556e-17
threshold=107.00000000000001 0.99965409380652703 63.500000000000007 97253.500000000015 60.500000000000007 418.00000000000006 145.50000000000003 55.500000000000007 94116.500000000015 0.1244040692145021 0.43660292029685471 0.89622715024776434 173.50000000000003 1.4136085767277791 1.3718466387320432 0.37573838733405168 0.55844410915599629 5835.0000000000009
decision_type=2 2 2 2 2 2 2 2 2 2 2 2 2 2 2 2 2 2
left_child=1 -1 4 5 7 -2 8 12 9 17 15 16 -3 14 -13 -11 -12 -7
right_child=3 2 -4 -5 -6 6 -8 -9 -10 10 11 13 -14 -15 -16 -17 -18 -19
leaf_value=0.054956631517165705 0.050104261324583378 -0.050058074844766154 -0.051584773325546444 0.050140747394402621 -0.050085762931993238 0.050114291069098406 0.050120656348780449 -0.050059013727343664 0.050113877265313883 0.050114290931658201 0.050114291064381589 0.050114290972295042 -0.050058074844766168 0.050114291064381256 0.050114290866992497 0.050114290595943946 0.050114291041738493 0.050114291063893701
leaf_weight=0.082057178020478072 0.047630412271246203 0.79026339459232975 0.089333720505237468 0.047585095744579919 0.023543162271380313 0.081915019080042728 0.048030154546722659 0.031746076652780064 0.049876494333147892 0.27305012033320952 0.12514810659922637 0.51879528863355517 1.006948518916033 0.077364284079521894 0.056885397527366877 0.07736399001441896 0.35951604275032878 0.054610083112493157
leaf_count=1 23 682 3 17 14 36 20 27 22 120 55 228 869 34 25 34 158 24
internal_value=-0.000451537 -0.0458681 -0.0501287 0.0501149 -0.0500584 0.0501142 0.0501145 -0.0500581 0.0501143 0.0501143 0.0501143 0.0501143 -0.0500581 0.0501143 0.0501143 0.0501143 0.0501143 0.0501143
internal_weight=3.84166 2.02389 1.94183 1.81777 1.8525 1.77019 1.72255 1.82896 1.67452 1.62465 1.48812 1.13771 1.79721 0.653045 0.575681 0.350414 0.484664 0.136525
internal_count=2392 1596 1595 796 1592 779 756 1578 736 714 654 500 1551 287 253 154 213 60
is_linear=0
shrinkage=0.05


Tree=114
num_leaves=17
num_cat=0
split_feature=1 0 1 3 1 1 4 1 3 1 3 0 1 4 1 1
split_gain=3.35622 0.330591 6.82294e-05 1.12546e-08 6.12617e-09 1.65988e-09 6.52501e-10 9.49374e-12 2.92077e-12 8.88178e-16 6.66134e-16 2.22045e-16 2.22045e-16 2.22045e-16 5.55112e-17 4.16334e-17
threshold=107.00000000000001 0.99965409380652703 63.500000000000007 97253.500000000015 60.500000000000007 418.00000000000006 145.50000000000003 55.500000000000007 94116.500000000015 884.00000000000011 92034.500000000015 8.5000000000000018 3469.0000000000005 139.50000000000003 3256.0000000000005 648.50000000000011
decision_type=2 2 2 2 2 2 2 2 2 2 2 2 2 2 2 2
left_child=1 -1 4 5 7 -2 8 11 9 15 12 13 14 -3 -11 -7
right_child=3 2 -4 -5 -6 6 -8 -9 -10 10 -12 -13 -14 -15 -16 -17
leaf_value=0.054691584873013947 0.050099165112566714 -0.050055240374043963 -0.051505095096339396 0.050133868467069624 -0.050081573670279149 0.050108703315978234 0.050114757381063073 -0.050056134708310718 0.050108310928920902 0.05010870968438761 0.050108703167274032 -0.050055240374042277 0.050108709693278575 -0.050055240374043991 0.050108709492091924 0.050108705404952561
leaf_weight=0.078423902392387723 0.045311940368264803 0.66798908030614246 0.085105005651712307 0.04527039942331601 0.02239677496254433 0.047621517209336051 0.045692940708249696 0.030199496308341511 0.047449128236621507 0.36150183994322993 0.043293564580380806 0.02535272086970497 0.99791825260035694 1.0163134192116556 0.051952360430732369 0.043293637223541737
leaf_count=1 23 606 3 17 14 22 20 27 22 167 20 23 461 922 24 20
internal_value=-0.000451568 -0.045854 -0.0501224 0.0501093 -0.0500556 0.0501086 0.0501089 -0.0500553 0.0501087 0.0501087 0.0501087 -0.0500552 0.0501087 -0.0500552 0.0501087 0.0501087
internal_weight=3.65509 1.92578 1.84736 1.72931 1.76225 1.68404 1.63872 1.73985 1.59303 1.54558 1.45467 1.70966 1.41137 1.6843 0.413454 0.0909152
internal_count=2392 1596 1595 796 1592 779 756 1578 736 714 672 1551 652 1528 191 42
is_linear=0
shrinkage=0.05


Tree=115
num_leaves=14
num_cat=0
split_feature=1 0 1 3 1 1 4 1 3 3 0 3 0
split_gain=3.19191 0.314278 5.86235e-05 9.68722e-09 5.27501e-09 1.42677e-09 5.62836e-10 8.30869e-12 2.40186e-12 4.44089e-16 2.22045e-16 2.22045e-16 5.55112e-17
threshold=107.00000000000001 0.99965409380652703 63.500000000000007 97253.500000000015 60.500000000000007 418.00000000000006 145.50000000000003 55.500000000000007 94116.500000000015 91148.500000000015 0.40695281108140863 64.000000000000014 0.34651299139389352
decision_type=2 2 2 2 2 2 2 2 2 2 2 2 2
left_child=1 -1 4 5 7 -2 8 11 9 10 12 -3 -7
right_child=3 2 -4 -5 -6 6 -8 -9 -10 -11 -12 -13 -14
leaf_value=0.054441884222044629 0.050094318003790939 -0.050052535154255701 -0.051429539557838105 0.050127321295706441 -0.050077588455022019 0.050103389519703362 0.050109149048032132 -0.050053392951148246 0.050103019323914713 0.05010339488579274 0.050103389391959519 -0.05005253515425593 0.050103389249926515
leaf_weight=0.074932619929313993 0.043106116703711339 0.16672548581846047 0.081070315092801937 0.043068018974736222 0.021306123584508785 0.32537259627133597 0.043469209689646848 0.028728182776830979 0.045139653608202823 0.053542212350293883 1.0193635046016423 1.4596344418823717 0.07207600842230022
leaf_count=1 23 159 3 17 14 158 20 27 22 26 495 1392 35
internal_value=-0.000451598 -0.0458406 -0.0501164 0.0501039 -0.0500529 0.0501033 0.0501035 -0.0500526 0.0501034 0.0501034 0.0501034 -0.0500525 0.0501034
internal_weight=3.47753 1.8324 1.75746 1.64514 1.67639 1.60207 1.55896 1.65509 1.51549 1.47035 1.41681 1.62636 0.397449
internal_count=2392 1596 1595 796 1592 779 756 1578 736 714 688 1551 193
is_linear=0
shrinkage=0.05


Tree=116
num_leaves=11
num_cat=0
split_feature=1 0 1 3 1 1 4 1 3 0
split_gain=3.03568 0.298783 5.03734e-05 8.33469e-09 4.53792e-09 1.22688e-09 4.84085e-10 7.06546e-12 2.089e-12 2.22045e-16
threshold=107.00000000000001 0.99965409380652703 63.500000000000007 97253.500000000015 60.500000000000007 418.00000000000006 145.50000000000003 55.500000000000007 94116.500000000015 1.3989154468262859
decision_type=2 2 2 2 2 2 2 2 2 2
left_child=1 -1 4 5 7 -2 8 -3 9 -7
right_child=3 2 -4 -5 -6 6 -8 -9 -10 -11
leaf_value=0.054206526659541204 0.050089714997306883 -0.050049974102631047 -0.051357876303430118 0.050121098571755299 -0.050073798506245326 0.050098339771244241 0.050103815983909006 -0.050050785121456401 0.050097985704933158 0.050098339886450509
leaf_weight=0.07157976180315051 0.041007481631822773 1.5471185718197373 0.077221356332301982 0.040972524089738616 0.020268507068976649 1.3223776675295082 0.04135348368436087 0.027328480151481815 0.042942372849210986 0.076404124498367199
leaf_count=1 23 1551 3 17 14 675 20 27 22 39
internal_value=-0.000451624 -0.045828 -0.0501107 0.0500988 -0.0500503 0.0500982 0.0500985 -0.05005 0.0500983 0.0500983
internal_weight=3.30857 1.74352 1.67194 1.56506 1.59472 1.52409 1.48308 1.57445 1.44172 1.39878
internal_count=2392 1596 1595 796 1592 779 756 1578 736 714
is_linear=0
shrinkage=0.05


Tree=117
num_leaves=17
num_cat=0
split_feature=1 0 1 3 1 1 4 1 3 0 3 4 4 4 0 4
split_gain=2.88711 0.284062 4.32882e-05 7.17141e-09 3.90484e-09 1.05619e-09 4.1644e-10 6.11178e-12 1.8201e-12 2.22045e-16 2.22045e-16 5.55112e-17 5.55112e-17 5.55112e-17 1.38778e-17 1.38778e-17
threshold=107.00000000000001 0.99965409380652703 63.500000000000007 97253.500000000015 60.500000000000007 418.00000000000006 145.50000000000003 55.500000000000007 94116.500000000015 0.13351925264508671 123.50000000000001 321.50000000000006 136.50000000000003 101.50000000000001 0.087633311609373751 199.50000000000003
decision_type=2 2 2 2 2 2 2 2 2 2 2 2 2 2 2 2
left_child=1 -1 4 5 7 -2 8 10 9 14 11 12 13 -3 -7 -14
right_child=3 2 -4 -5 -6 6 -8 -9 -10 -11 -12 -13 15 -15 -16 -17
leaf_value=0.053984569951817656 0.050085329434531582 -0.050047534406469391 -0.051289899157502761 0.050115178078787348 -0.050070193271251319 0.050093534080197948 0.050098741579289001 -0.050048307802446595 0.050093195280093809 0.050093534124435214 -0.050047534406469502 -0.050047534406468808 -0.050047534406468364 -0.050047534406467031 0.050093534003662822 -0.050047534406467031
leaf_weight=0.068361639976501798 0.039010851411148795 0.2979527381248771 0.073550127446651348 0.038978759897872695 0.019281353102996834 0.072684649261645862 0.039340534014627226 0.025996909476816543 0.040851855534128734 1.2114095635479314 1.0229078079573808 0.068320373073220253 0.042700233170762658 0.01992677547968924 0.046592637547291815 0.01992677547968924
leaf_count=1 23 314 3 17 14 39 20 27 22 650 1078 72 45 21 25 21
internal_value=-0.000451651 -0.0458159 -0.0501053 0.050094 -0.0500478 0.0500934 0.0500937 -0.0500475 0.0500935 0.0500935 -0.0500475 -0.0500475 -0.0500475 -0.0500475 0.0500935 -0.0500475
internal_weight=3.14779 1.65892 1.59056 1.48887 1.51701 1.44989 1.41088 1.49773 1.37154 1.33069 1.47173 0.448827 0.380507 0.31788 0.119277 0.062627
internal_count=2392 1596 1595 796 1592 779 756 1578 736 714 1551 473 401 335 64 66
is_linear=0
shrinkage=0.05


Tree=118
num_leaves=12
num_cat=0
split_feature=1 0 1 3 1 1 4 1 3 0 1
split_gain=2.74584 0.270076 3.72025e-05 6.16814e-09 3.36065e-09 9.08867e-10 3.58133e-10 5.26024e-12 1.5532e-12 2.22045e-16 2.22045e-16
threshold=107.00000000000001 0.99965409380652703 63.500000000000007 97253.500000000015 60.500000000000007 418.00000000000006 145.50000000000003 55.500000000000007 94116.500000000015 1.0486870093110587 762.50000000000011
decision_type=2 2 2 2 2 2 2 2 2 2 2
left_child=1 -1 4 5 7 -2 8 -3 9 10 -7
right_child=3 2 -4 -5 -6 6 -8 -9 -10 -11 -12
leaf_value=0.05377516954716393 0.050081160733723928 -0.050045213533429715 -0.051225408410305276 0.050109544057608452 -0.050066765708865472 0.050088960423814832 0.050093915319514896 -0.050045949152640469 0.050088643164238111 0.050088964132814717 0.050088964231331939
leaf_weight=0.06527441740036044 0.037111279787495621 1.4000206298078408 0.070048900321125873 0.037081805756315478 0.018342214869335183 0.035458543105050699 0.037425387417897471 0.024730161298066267 0.038862930145114549 0.37409685389138758 0.85634563013445586
leaf_count=1 23 1551 3 17 14 20 20 27 22 211 483
internal_value=-0.000451675 -0.0458044 -0.0501001 0.0500894 -0.0500455 0.0500889 0.0500891 -0.0500452 0.050089 0.050089 0.050089
internal_weight=2.9948 1.57842 1.51314 1.41638 1.44309 1.3793 1.34219 1.42475 1.30476 1.2659 0.891804
internal_count=2392 1596 1595 796 1592 779 756 1578 736 714 503
is_linear=0
shrinkage=0.05


Tree=119
num_leaves=11
num_cat=0
split_feature=1 0 1 3 1 1 4 1 3 4
split_gain=2.61151 0.256786 3.19748e-05 5.3075e-09 2.8916e-09 7.81979e-10 3.08338e-10 4.50173e-12 1.34004e-12 4.44089e-16
threshold=107.00000000000001 0.99965409380652703 63.500000000000007 97253.500000000015 60.500000000000007 418.00000000000006 145.50000000000003 55.500000000000007 94116.500000000015 68.500000000000014
decision_type=2 2 2 2 2 2 2 2 2 2
left_child=1 -1 4 5 7 -2 8 9 -7 -3
right_child=3 2 -4 -5 -6 6 -8 -9 -10 -11
leaf_value=0.053577522742253858 0.050077196394897709 -0.050043008170908336 -0.051164218586200919 0.050104190077675526 -0.050063505227556385 0.05008461748806841 0.050089327705679976 -0.050043705940189399 0.050084311864836473 -0.050043008170908447
leaf_weight=0.062314208596945142 0.035304067190736421 0.28507862798869599 0.066710254177451023 0.035276978276669868 0.017448761966079362 1.204264205181971 0.035603308002464362 0.023525084659922757 0.036970678018405922 1.0467194202356038
leaf_count=1 23 332 3 17 14 714 20 27 22 1219
internal_value=-0.000451698 -0.0457935 -0.0500952 0.0500851 -0.0500433 0.0500845 0.0500847 -0.050043 0.0500846 -0.050043
internal_weight=2.84922 1.5018 1.43948 1.34742 1.37277 1.31214 1.27684 1.35532 1.24123 1.3318
internal_count=2392 1596 1595 796 1592 779 756 1578 736 1551
is_linear=0
shrinkage=0.05


Tree=120
num_leaves=12
num_cat=0
split_feature=1 0 1 3 1 1 4 1 3 0 0
split_gain=2.48377 0.244158 2.74835e-05 4.56817e-09 2.48907e-09 6.73415e-10 2.65157e-10 3.89955e-12 1.15619e-12 2.22045e-16 1.38778e-17
threshold=107.00000000000001 0.99965409380652703 63.500000000000007 97253.500000000015 60.500000000000007 418.00000000000006 145.50000000000003 55.500000000000007 94116.500000000015 0.14448466863194534 0.10845288809406742
decision_type=2 2 2 2 2 2 2 2 2 2 2
left_child=1 -1 4 5 7 -2 8 -3 9 10 -7
right_child=3 2 -4 -5 -6 6 -8 -9 -10 -11 -12
leaf_value=0.053390895287499789 0.050073423868534653 -0.050040907246550692 -0.051106146953623421 0.050099101667201142 -0.050060405065946126 0.050080484336622814 0.050084963087451917 -0.050041573068758442 0.050080193715181721 0.050080484781854312 0.050080484828631214
leaf_weight=0.059477068483829831 0.033584732562303432 1.2668973222607744 0.063527042046189197 0.033559822943061479 0.016598777379840501 0.07862123695667822 0.033869790611788519 0.022378682508133241 0.035170416813343652 1.0333075693342832 0.033694847486913204
leaf_count=1 23 1551 3 17 14 49 20 27 22 644 21
internal_value=-0.000451719 -0.0457832 -0.0500906 0.0500809 -0.0500412 0.0500804 0.0500806 -0.0500409 0.0500805 0.0500805 0.0500805
internal_weight=2.71069 1.42888 1.3694 1.28181 1.30587 1.24825 1.21466 1.28928 1.18079 1.14562 0.112316
internal_count=2392 1596 1595 796 1592 779 756 1578 736 714 70
is_linear=0
shrinkage=0.05


Tree=121
num_leaves=11
num_cat=0
split_feature=1 0 1 3 1 1 4 1 3 0
split_gain=2.36229 0.232156 2.36248e-05 3.9302e-09 2.14162e-09 5.79073e-10 2.28492e-10 3.30491e-12 9.73444e-13 4.44089e-16
threshold=107.00000000000001 0.99965409380652703 63.500000000000007 97253.500000000015 60.500000000000007 418.00000000000006 145.50000000000003 55.500000000000007 94116.500000000015 0.064543564635032677
decision_type=2 2 2 2 2 2 2 2 2 2
left_child=1 -1 4 5 7 -2 8 -3 9 -7
right_child=3 2 -4 -5 -6 6 -8 -9 -10 -11
leaf_value=0.053214594355510264 0.050069838225163227 -0.050038912767755128 -0.051051038318389676 0.050094255785375436 -0.050057455824164709 0.050076551523553683 0.050080813523415237 -0.050039541260889275 0.050076277318225386 0.050076551153001664
leaf_weight=0.056759033352136945 0.031949016731232294 1.2051568505703469 0.060492379590868839 0.03192610025871534 0.015790152829140314 0.039685885305516311 0.032220543944276758 0.021288103307597228 0.033457685261964687 1.050148475449532
leaf_count=1 23 1551 3 17 14 26 20 27 22 688
internal_value=-0.00045174 -0.0457733 -0.0500861 0.0500769 -0.0500392 0.0500765 0.0500767 -0.0500389 0.0500765 0.0500766
internal_weight=2.57887 1.35949 1.30273 1.21939 1.24224 1.18746 1.15551 1.22644 1.12329 1.08983
internal_count=2392 1596 1595 796 1592 779 756 1578 736 714
is_linear=0
shrinkage=0.05


Tree=122
num_leaves=11
num_cat=0
split_feature=1 0 1 3 1 1 4 1 3 1
split_gain=2.24677 0.220751 2.03092e-05 3.38202e-09 1.84312e-09 4.98637e-10 1.96398e-10 2.88325e-12 8.42881e-13 2.22045e-16
threshold=107.00000000000001 0.99965409380652703 63.500000000000007 97253.500000000015 60.500000000000007 418.00000000000006 145.50000000000003 55.500000000000007 94116.500000000015 681.00000000000011
decision_type=2 2 2 2 2 2 2 2 2 2
left_child=1 -1 4 5 7 -2 8 -3 9 -7
right_child=3 2 -4 -5 -6 6 -8 -9 -10 -11
leaf_value=0.053048005406733378 0.050066426516698397 -0.050037012198905731 -0.050998728058128828 0.050089651830158816 -0.050054649613038321 0.050072810349064273 0.050076864953883131 -0.05003761405590116 0.050072552183167189 0.050072813525280084
leaf_weight=0.054156128317118024 0.030392862274311372 1.1464230667334048 0.057599661871790775 0.030371767352335044 0.015020878170616814 0.037752135889604466 0.030651484266854712 0.020250630856025853 0.031828242819756158 0.99900582584086806
leaf_count=1 23 1551 3 17 14 26 20 27 22 688
internal_value=-0.000451757 -0.0457639 -0.0500819 0.0500732 -0.0500372 0.0500727 0.0500729 -0.050037 0.0500728 0.0500728
internal_weight=2.45345 1.29345 1.23929 1.16 1.18169 1.12963 1.09924 1.16667 1.06859 1.03676
internal_count=2392 1596 1595 796 1592 779 756 1578 736 714
is_linear=0
shrinkage=0.05


Tree=123
num_leaves=14
num_cat=0
split_feature=1 0 1 3 1 1 4 1 3 1 1 3 1
split_gain=2.13691 0.20991 1.746e-05 2.90987e-09 1.58552e-09 4.29269e-10 1.68779e-10 2.46247e-12 7.35634e-13 2.22045e-16 1.11022e-16 1.11022e-16 2.77556e-17
threshold=107.00000000000001 0.99965409380652703 63.500000000000007 97253.500000000015 60.500000000000007 418.00000000000006 145.50000000000003 55.500000000000007 94116.500000000015 928.00000000000011 9545.0000000000018 91148.500000000015 648.50000000000011
decision_type=2 2 2 2 2 2 2 2 2 2 2 2 2
left_child=1 -1 4 5 7 -2 8 -3 9 12 11 -11 -7
right_child=3 2 -4 -5 -6 6 -8 -9 -10 10 -12 -13 -14
leaf_value=0.052890527415283821 0.050063183566147786 -0.050035208040778038 -0.05094907450805139 0.050085272976792355 -0.050051980188417548 0.050069255650899841 0.050073110300519398 -0.050035778324662356 0.050069009357567119 0.050069259816681394 0.050069259684630829 0.050069257623248042 0.050069257705833918
leaf_weight=0.051664408296346997 0.028912410954944678 1.0905497170169836 0.054842546582221874 0.028892982052639016 0.014289044309407362 0.030388139304704742 0.029158725636079796 0.019263684574980178 0.030278049758635461 0.8481317344121635 0.044202305609360337 0.030389038845896721 0.033151730895042419
leaf_count=1 23 1551 3 17 14 22 20 27 22 614 32 22 24
internal_value=-0.000451775 -0.045755 -0.0500779 0.0500696 -0.0500354 0.0500692 0.0500694 -0.0500352 0.0500693 0.0500693 0.0500693 0.0500693 0.0500693
internal_weight=2.33411 1.23061 1.17894 1.10351 1.1241 1.07461 1.0457 1.10981 1.01654 0.986263 0.922723 0.878521 0.0635399
internal_count=2392 1596 1595 796 1592 779 756 1578 736 714 668 636 46
is_linear=0
shrinkage=0.05


Tree=124
num_leaves=14
num_cat=0
split_feature=1 0 1 3 1 1 4 1 3 0 0 0 1
split_gain=2.03244 0.199606 1.50112e-05 2.50432e-09 1.36529e-09 3.69177e-10 1.45416e-10 2.11653e-12 6.20726e-13 2.22045e-16 1.11022e-16 5.55112e-17 5.55112e-17
threshold=107.00000000000001 0.99965409380652703 63.500000000000007 97253.500000000015 60.500000000000007 418.00000000000006 145.50000000000003 55.500000000000007 94116.500000000015 7.5000000000000009 0.66331387325013125 0.25736186694766722 8229.5000000000018
decision_type=2 2 2 2 2 2 2 2 2 2 2 2 2
left_child=1 -1 4 5 7 -2 8 9 10 -3 11 12 -7
right_child=3 2 -4 -5 -6 6 -8 -9 -10 -11 -12 -13 -14
leaf_value=0.052741617389802868 0.05006009672617099 -0.050033487420721882 -0.050901925766365277 0.050081105056005285 -0.050049444797844317 0.050065873808408205 0.05006953845796222 -0.050034029524268345 0.050065638074588074 -0.050033487420719558 0.05006587373442898 0.050065873630215287 0.050065873614087812
leaf_weight=0.049279954284429883 0.0275039884727446 1.0186697639292104 0.05221494287252415 0.027486082748509832 0.013592830509878584 0.12877587764523923 0.027738566044718027 0.018324807810131349 0.028803261811845005 0.018728006165474542 0.51510355889331549 0.26149368961341679 0.032851018477231264
leaf_count=1 23 1523 3 17 14 98 20 27 22 28 392 199 25
internal_value=-0.000451792 -0.0457466 -0.0500741 0.0500662 -0.0500337 0.0500658 0.050066 -0.0500335 0.0500659 -0.0500335 0.0500659 0.0500659 0.0500659
internal_weight=2.22057 1.17081 1.12153 1.04976 1.06932 1.02227 0.994766 1.05572 0.967027 1.0374 0.938224 0.423121 0.161627
internal_count=2392 1596 1595 796 1592 779 756 1578 736 1551 714 322 123
is_linear=0
shrinkage=0.05


Tree=125
num_leaves=15
num_cat=0
split_feature=1 0 1 3 1 1 4 1 3 1 1 3 0 1
split_gain=1.93309 0.189812 1.29068e-05 2.15386e-09 1.175e-09 3.18164e-10 1.24724e-10 1.81899e-12 5.65104e-13 3.33067e-16 2.22045e-16 2.22045e-16 1.11022e-16 5.55112e-17
threshold=107.00000000000001 0.99965409380652703 63.500000000000007 97253.500000000015 60.500000000000007 418.00000000000006 145.50000000000003 55.500000000000007 94116.500000000015 1068.0000000000002 22.500000000000004 91148.500000000015 0.14448466863194534 837.50000000000011
decision_type=2 2 2 2 2 2 2 2 2 2 2 2 2 2
left_child=1 -1 4 5 7 -2 8 10 9 13 -3 12 -11 -7
right_child=3 2 -4 -5 -6 6 -8 -9 -10 11 -12 -13 -14 -15
leaf_value=0.052600769694824259 0.050057162937545169 -0.050031854904113673 -0.05085717047749886 0.050077143954923298 -0.050047032912033142 0.050062658024263795 0.05006614158749239 -0.050032370128555326 0.050062431463152812 0.050062662412619086 -0.05003185490411334 0.050062657840738184 0.050062662412619696 0.050062660782845575
leaf_weight=0.046998891979456281 0.026164098759181686 0.85703825525706612 0.04971100017428387 0.026147587108425796 0.012930508353747316 0.047500379616394639 0.026387484977021813 0.017431659682188183 0.027400220278650522 0.073751914664171636 0.12979643954895437 0.030000738333910704 0.71626859495881945 0.02500064903870225
leaf_count=1 23 1347 3 17 14 38 20 27 22 59 204 24 573 20
internal_value=-0.000451807 -0.0457385 -0.0500705 0.050063 -0.0500321 0.0500626 0.0500628 -0.0500319 0.0500627 0.0500627 -0.0500319 0.0500627 0.0500627 0.0500627
internal_weight=2.11253 1.11391 1.06691 0.998622 1.0172 0.972474 0.94631 1.00427 0.919922 0.892522 0.986835 0.820021 0.790021 0.072501
internal_count=2392 1596 1595 796 1592 779 756 1578 736 714 1551 656 632 58
is_linear=0
shrinkage=0.05


Tree=126
num_leaves=17
num_cat=0
split_feature=1 0 1 3 1 1 4 1 3 3 1 0 0 0 1 1
split_gain=1.8386 0.180502 1.10979e-05 1.8534e-09 1.0112e-09 2.73684e-10 1.07609e-10 1.56752e-12 4.84279e-13 3.33067e-16 2.22045e-16 1.11022e-16 1.11022e-16 1.11022e-16 6.93889e-18 6.93889e-18
threshold=107.00000000000001 0.99965409380652703 63.500000000000007 97253.500000000015 60.500000000000007 418.00000000000006 145.50000000000003 55.500000000000007 94116.500000000015 92034.500000000015 928.00000000000011 3.5000000000000004 2.5000000000000004 1.0993301167141798 681.00000000000011 35.500000000000007
decision_type=2 2 2 2 2 2 2 2 2 2 2 2 2 2 2 2
left_child=1 -1 4 5 7 -2 8 11 9 10 14 12 -3 -12 -7 -13
right_child=3 2 -4 -5 -6 6 -8 -9 -10 -11 13 15 -14 -15 -16 -17
leaf_value=0.052467503029568999 0.050054371541027515 -0.050030299020217828 -0.05081466757033648 0.050073374260427995 -0.050044735518838514 0.050059599015903511 0.050062914359025323 -0.050030789437819911 0.050059381747290771 0.050059596036573152 0.05005960083495984 -0.050030299020216357 -0.05003029902021458 0.050059600834959674 0.05005959789449084 -0.050030299020214122
leaf_weight=0.044817414134741163 0.02488941280171264 0.87760491878725566 0.047325119376182556 0.024874179041944444 0.012300430098548532 0.030916786869056523 0.02510213025379926 0.016582018753979355 0.026065443060360849 0.023782731615938246 0.57316476060077548 0.032683217665180564 0.015131119289435446 0.1973969922401011 0.023782771546393633 0.013315384974703193
leaf_count=1 23 1450 3 17 14 26 20 27 22 20 482 54 25 166 20 22
internal_value=-0.000451821 -0.0457309 -0.0500671 0.0500599 -0.0500305 0.0500595 0.0500597 -0.0500303 0.0500596 0.0500596 0.0500596 -0.0500303 -0.0500303 0.0500596 0.0500596 -0.0500303
internal_weight=2.00973 1.05976 1.01494 0.949975 0.967617 0.925101 0.900212 0.955317 0.875109 0.849044 0.825261 0.938735 0.892736 0.770562 0.0546996 0.0459986
internal_count=2392 1596 1595 796 1592 779 756 1578 736 714 694 1551 1475 648 46 76
is_linear=0
shrinkage=0.05


Tree=127
num_leaves=14
num_cat=0
split_feature=1 0 1 3 1 1 4 1 3 0 0 1 1
split_gain=1.74875 0.171651 9.54298e-06 1.59651e-09 8.70375e-10 2.35029e-10 9.26865e-11 1.38267e-12 4.1056e-13 1.11022e-16 1.11022e-16 1.11022e-16 2.77556e-17
threshold=107.00000000000001 0.99965409380652703 63.500000000000007 97253.500000000015 60.500000000000007 418.00000000000006 145.50000000000003 55.500000000000007 94116.500000000015 8.5000000000000018 1.4250639614110894 1017.0000000000001 648.50000000000011
decision_type=2 2 2 2 2 2 2 2 2 2 2 2 2
left_child=1 -1 4 5 7 -2 8 9 10 -3 11 12 -7
right_child=3 2 -4 -5 -6 6 -8 -9 -10 -11 -12 -13 -14
leaf_value=0.052341377928715675 0.050051721178488141 -0.05002881856617291 -0.050774302105450177 0.05006979620507606 -0.050042551033577382 0.050056686862593271 0.050059842511084252 -0.050029290800725559 0.050056482679538106 -0.050028818566169191 0.050056689307397886 0.05005668931045041 0.050056689306668768
leaf_weight=0.042731776833534019 0.02367676584981393 0.87973562208935618 0.045051930472254753 0.02366270066704601 0.011701028794050217 0.024885794031433761 0.023879313375800848 0.015773765393532813 0.02479561697691679 0.013242093787994236 0.032805022783577442 0.71379200904630125 0.036198646295815706
leaf_count=1 23 1528 3 17 14 22 20 27 22 23 29 631 32
internal_value=-0.000451833 -0.0457236 -0.0500638 0.050057 -0.050029 0.0500566 0.0500568 -0.0500288 0.0500567 -0.0500288 0.0500567 0.0500567 0.0500567
internal_weight=1.91193 1.00824 0.965504 0.903696 0.920453 0.880033 0.856356 0.908751 0.832477 0.892978 0.807681 0.774876 0.0610844
internal_count=2392 1596 1595 796 1592 779 756 1578 736 1551 714 685 54
is_linear=0
shrinkage=0.05


Tree=128
num_leaves=13
num_cat=0
split_feature=1 0 1 3 1 1 4 1 3 1 3 0
split_gain=1.66329 0.163237 8.20639e-06 1.37258e-09 7.49413e-10 2.02428e-10 7.94558e-11 1.19227e-12 3.52718e-13 5.55112e-16 2.22045e-16 1.11022e-16
threshold=107.00000000000001 0.99965409380652703 63.500000000000007 97253.500000000015 60.500000000000007 418.00000000000006 145.50000000000003 55.500000000000007 94116.500000000015 837.50000000000011 92034.500000000015 8.5000000000000018
decision_type=2 2 2 2 2 2 2 2 2 2 2 2
left_child=1 -1 4 5 7 -2 8 11 9 -7 -11 -3
right_child=3 2 -4 -5 -6 6 -8 -9 -10 10 -12 -13
leaf_value=0.052221975220763765 0.05004919592441235 -0.050027409775182399 -0.050735970366390805 0.050066383437147782 -0.050040474639003386 0.050053918250981683 0.050056916722716296 -0.050027859391195861 0.050053727048291911 0.050053923797907234 0.05005391850810112 -0.050027409775178493
leaf_weight=0.040738314390182495 0.022523143270518631 0.83685337193310261 0.042886284179985523 0.022510151844471693 0.011130813392810524 0.04089091275818646 0.022715998813509941 0.015004888118710369 0.023587586008943617 0.70591895701363683 0.021521884948015213 0.012596614891663194
leaf_count=1 23 1528 3 17 14 38 20 27 22 656 20 23
internal_value=-0.000451846 -0.0457166 -0.0500607 0.0500542 -0.0500276 0.0500539 0.050054 -0.0500274 0.0500539 0.0500539 0.0500539 -0.0500274
internal_weight=1.81888 0.95921 0.918472 0.859669 0.875586 0.837158 0.814635 0.864455 0.791919 0.768332 0.727441 0.84945
internal_count=2392 1596 1595 796 1592 779 756 1578 736 714 676 1551
is_linear=0
shrinkage=0.05


Tree=129
num_leaves=12
num_cat=0
split_feature=1 0 1 3 1 1 4 1 3 0 0
split_gain=1.58202 0.155238 7.05715e-06 1.18162e-09 6.44504e-10 1.74238e-10 6.86493e-11 1.00786e-12 2.9643e-13 1.11022e-16 1.11022e-16
threshold=107.00000000000001 0.99965409380652703 63.500000000000007 97253.500000000015 60.500000000000007 418.00000000000006 145.50000000000003 55.500000000000007 94116.500000000015 7.5000000000000009 1.4517543992024373
decision_type=2 2 2 2 2 2 2 2 2 2 2
left_child=1 -1 4 5 7 -2 8 9 10 -3 -7
right_child=3 2 -4 -5 -6 6 -8 -9 -10 -11 -12
leaf_value=0.052108919654907861 0.050046792722179267 -0.050026077046835843 -0.050699562137592968 0.050063142722905678 -0.050038499402749605 0.050051289347053246 0.050054142163160377 -0.050026500886293526 0.05005110483891987 -0.050026077046832478 0.050051289457910188
leaf_weight=0.038833435624837875 0.021425678918603808 0.79345535486936569 0.040823251940310001 0.02141366945579648 0.010588364559225738 0.70940028689801693 0.021609295159578323 0.014273468812461942 0.022438352345488966 0.014587491750717163 0.021497000707313418
leaf_count=1 23 1523 3 17 14 693 20 27 22 28 21
internal_value=-0.000451858 -0.0457101 -0.0500577 0.0500516 -0.0500262 0.0500512 0.0500514 -0.0500261 0.0500513 -0.0500261 0.0500513
internal_weight=1.73035 0.912561 0.873728 0.817784 0.832905 0.796371 0.774945 0.822316 0.753336 0.808043 0.730897
internal_count=2392 1596 1595 796 1592 779 756 1578 736 1551 714
is_linear=0
shrinkage=0.05


Tree=130
num_leaves=15
num_cat=0
split_feature=1 0 1 3 1 1 4 1 3 3 0 0 3 3
split_gain=1.50472 0.147633 6.06912e-06 1.01752e-09 5.54376e-10 1.49724e-10 5.90817e-11 8.58313e-13 2.48801e-13 2.22045e-16 1.11022e-16 1.11022e-16 1.38778e-17 1.38778e-17
threshold=107.00000000000001 0.99965409380652703 63.500000000000007 97253.500000000015 60.500000000000007 418.00000000000006 145.50000000000003 55.500000000000007 94116.500000000015 637.50000000000011 1.4320773903478552 1.2108621737335679 75886.000000000015 56227.500000000007
decision_type=2 2 2 2 2 2 2 2 2 2 2 2 2 2
left_child=1 -1 4 5 7 -2 8 9 10 -3 11 -7 13 -13
right_child=3 2 -4 -5 -6 6 -8 -9 -10 -11 -12 12 -14 -15
leaf_value=0.052001841627668147 0.050044508562647805 -0.050024805924763487 -0.050664976399678242 0.050060060039463422 -0.05003661841349593 0.050048782112520299 0.050051495759532265 -0.050025206970796682 0.050048608922116003 -0.050024805924763396 0.050048784292055795 0.05004878202680986 0.050048782848560472 0.050048782014527254
leaf_weight=0.037013649940490723 0.020381643669679761 0.50004582473775372 0.038858117535710335 0.020370535785332322 0.010072332690469921 0.57745644164970145 0.020556456525810063 0.013577685225754976 0.021345058514270931 0.26860737067181617 0.025318522413726896 0.051610796130262315 0.021423356549348682 0.019475791661534458
leaf_count=1 23 1009 3 17 14 593 20 27 22 542 26 53 22 20
internal_value=-0.000451872 -0.0457038 -0.0500549 0.050049 -0.050025 0.0500487 0.0500489 -0.0500248 0.0500488 -0.0500248 0.0500488 0.0500488 0.0500488 0.0500488
internal_weight=1.64611 0.868175 0.831161 0.777939 0.792303 0.757568 0.737186 0.782231 0.71663 0.768653 0.695285 0.669966 0.0925099 0.0710866
internal_count=2392 1596 1595 796 1592 779 756 1578 736 1551 714 688 95 73
is_linear=0
shrinkage=0.05


Tree=131
num_leaves=15
num_cat=0
split_feature=1 0 1 3 1 1 4 1 3 0 1 1 1 1
split_gain=1.43121 0.140402 5.21966e-06 8.75555e-10 4.77187e-10 1.2872e-10 5.08861e-11 7.33302e-13 2.16493e-13 1.11022e-16 1.11022e-16 2.77556e-17 2.77556e-17 6.93889e-18
threshold=107.00000000000001 0.99965409380652703 63.500000000000007 97253.500000000015 60.500000000000007 418.00000000000006 145.50000000000003 55.500000000000007 94116.500000000015 8.5000000000000018 2576.0000000000005 2361.5000000000005 884.00000000000011 648.50000000000011
decision_type=2 2 2 2 2 2 2 2 2 2 2 2 2 2
left_child=1 -1 4 5 7 -2 8 9 10 -3 11 12 13 -7
right_child=3 2 -4 -5 -6 6 -8 -9 -10 -11 -12 -13 -14 -15
leaf_value=0.051900396326661082 0.050042338750083272 -0.050023595364319585 -0.050632122759326284 0.050057127622329535 -0.050034831892434177 0.050046402672966998 0.050048983483181264 -0.050023975421785105 0.05004623577720884 -0.050023595364315047 0.050046401450664892 0.050046401537885282 0.050046401436549919 0.05004640168098036
leaf_weight=0.035275552421808243 0.01938843890093267 0.7203399499412626 0.036986363120377064 0.019378160242922604 0.0095814330270513892 0.020378846034873277 0.019554862286895514 0.012915803876239806 0.020304986042901874 0.010842813382623717 0.51411870965966955 0.018526796600781381 0.089854980993550271 0.018526802188716829
leaf_count=1 23 1528 3 17 14 22 20 27 22 23 555 20 97 20
internal_value=-0.000451881 -0.0456979 -0.0500522 0.0500466 -0.0500237 0.0500464 0.0500465 -0.0500236 0.0500464 -0.0500236 0.0500464 0.0500464 0.0500464 0.0500464
internal_weight=1.56597 0.825942 0.790666 0.740033 0.75368 0.720654 0.701266 0.744099 0.681711 0.731183 0.661406 0.147287 0.128761 0.0389056
internal_count=2392 1596 1595 796 1592 779 756 1578 736 1551 714 159 139 42
is_linear=0
shrinkage=0.05


Tree=132
num_leaves=16
num_cat=0
split_feature=1 0 1 3 1 1 4 1 3 0 1 3 1 1 1
split_gain=1.3613 0.133527 4.48933e-06 7.53117e-10 4.10837e-10 1.10917e-10 4.36559e-11 6.45262e-13 1.9007e-13 1.11022e-16 1.11022e-16 2.77556e-17 1.38778e-17 6.93889e-18 3.46945e-18
threshold=107.00000000000001 0.99965409380652703 63.500000000000007 97253.500000000015 60.500000000000007 418.00000000000006 145.50000000000003 55.500000000000007 94116.500000000015 1.4517543992024373 14.500000000000002 43349.000000000007 45.500000000000007 54.500000000000007 37.500000000000007
decision_type=2 2 2 2 2 2 2 2 2 2 2 2 2 2 2
left_child=1 -1 4 5 7 -2 8 10 9 -7 -3 -12 14 -14 -13
right_child=3 2 -4 -5 -6 6 -8 -9 -10 -11 11 12 13 -15 -16
leaf_value=0.051804286056241593 0.050040270963663286 -0.0500224422270035 -0.050600914262383834 0.050054337134135519 -0.050033132178175434 0.050044137882539245 0.050046589840051531 -0.050022807787899332 0.050043978607947626 0.05004413790843644 -0.050022442227002251 -0.050022442227000724 -0.050022442227001918 -0.050022442226998733 -0.050022442226999302
leaf_weight=0.033615827560424805 0.018443596258293837 0.58835984487086535 0.035203669220209122 0.018434076569974422 0.0091144428588449955 0.61067150474991649 0.018602027907036245 0.0122861722484231 0.019315549114253372 0.018505216226913035 0.037669380311854184 0.017489355144789442 0.030045815248740837 0.010314235085388646 0.011659570096526295
leaf_count=1 23 1312 3 17 14 693 20 27 22 21 84 39 67 23 26
internal_value=-0.000451892 -0.0456922 -0.0500497 0.0500444 -0.0500226 0.0500441 0.0500442 -0.0500224 0.0500441 0.0500441 -0.0500224 -0.0500224 -0.0500224 -0.0500224 -0.0500224
internal_weight=1.48973 0.785758 0.752142 0.703972 0.716939 0.685538 0.667094 0.707824 0.648492 0.629177 0.695538 0.107178 0.069509 0.0403601 0.0291489
internal_count=2392 1596 1595 796 1592 779 756 1578 736 714 1551 239 155 90 65
is_linear=0
shrinkage=0.05


Tree=133
num_leaves=12
num_cat=0
split_feature=1 0 1 3 1 1 4 1 3 0 2
split_gain=1.2948 0.126991 3.86131e-06 6.48311e-10 3.53552e-10 9.55727e-11 3.76692e-11 5.55445e-13 1.66311e-13 1.11022e-16 1.11022e-16
threshold=107.00000000000001 0.99965409380652703 63.500000000000007 97253.500000000015 60.500000000000007 418.00000000000006 145.50000000000003 55.500000000000007 94116.500000000015 1.4483427736912706 40.500000000000007
decision_type=2 2 2 2 2 2 2 2 2 2 2
left_child=1 -1 4 5 7 -2 8 10 9 -7 -3
right_child=3 2 -4 -5 -6 6 -8 -9 -10 -11 -12
leaf_value=0.051713193541812565 0.050038302451153975 -0.050021347744732471 -0.050571265727890641 0.050051685026666771 -0.050031515334312764 0.050041982735057472 0.050044317949857302 -0.050021695475677544 0.050041830042630797 0.050041982656285761 -0.05002134774473152
leaf_weight=0.032031267881393433 0.017544763453770429 0.61342659371439368 0.03350590355694294 0.017535942723043263 0.0086701990803703666 0.57923657010542229 0.017695579736027867 0.011687222286127508 0.018374287697952241 0.019279963744338602 0.048203897837083787
leaf_count=1 23 1438 3 17 14 691 20 27 22 23 113
internal_value=-0.0004519 -0.0456868 -0.0500472 0.0500422 -0.0500215 0.0500419 0.050042 -0.0500214 0.050042 0.050042 -0.0500213
internal_weight=1.41719 0.747525 0.715494 0.669667 0.681988 0.652131 0.634586 0.673318 0.616891 0.598517 0.66163
internal_count=2392 1596 1595 796 1592 779 756 1578 736 714 1551
is_linear=0
shrinkage=0.05


Tree=134
num_leaves=14
num_cat=0
split_feature=1 0 1 3 1 1 4 1 3 0 0 2 2
split_gain=1.23156 0.120775 3.32122e-06 5.5812e-10 3.04354e-10 8.21466e-11 3.24617e-11 4.80949e-13 1.3689e-13 1.11022e-16 1.11022e-16 1.11022e-16 1.38778e-17
threshold=107.00000000000001 0.99965409380652703 63.500000000000007 97253.500000000015 60.500000000000007 418.00000000000006 145.50000000000003 55.500000000000007 94116.500000000015 1.4320773903478552 1.3793790605609788 13.500000000000002 49.500000000000007
decision_type=2 2 2 2 2 2 2 2 2 2 2 2 2
left_child=1 -1 4 5 7 -2 8 11 9 10 -7 -3 -13
right_child=3 2 -4 -5 -6 6 -8 -9 -10 -11 -12 12 -14
leaf_value=0.051626853749292156 0.050036434494789644 -0.050020304495713624 -0.050543090849829678 0.050049162660890892 -0.05002997686159727 0.050039932637499451 0.050042155367758627 -0.050020636242885247 0.050039790600567124 0.050039932469924324 0.050039932673872883 -0.050020304495713132 -0.05002030449570858
leaf_weight=0.030518755316734314 0.016689702577423304 0.53401530312839895 0.031889118254184723 0.016681523993611336 0.0082475958624854684 0.52708664775127545 0.016833265661261976 0.01111745904199779 0.01747885748045519 0.020732627483084798 0.021529999154154211 0.085620994650525972 0.0097388809081166983
leaf_count=1 23 1316 3 17 14 661 20 27 22 26 27 211 24
internal_value=-0.000451909 -0.0456817 -0.0500449 0.0500401 -0.0500204 0.0500399 0.05004 -0.0500203 0.0500399 0.0500399 0.0500399 -0.0500203 -0.0500203
internal_weight=1.34818 0.711148 0.680629 0.637033 0.64874 0.620351 0.603661 0.640493 0.586828 0.569349 0.548617 0.629375 0.0953599
internal_count=2392 1596 1595 796 1592 779 756 1578 736 714 688 1551 235
is_linear=0
shrinkage=0.05


Tree=135
num_leaves=12
num_cat=0
split_feature=1 0 1 3 1 1 4 1 3 0 2
split_gain=1.17141 0.114865 2.85678e-06 4.80282e-10 2.61752e-10 7.06936e-11 2.79281e-11 4.03455e-13 1.2268e-13 1.11022e-16 1.11022e-16
threshold=107.00000000000001 0.99965409380652703 63.500000000000007 97253.500000000015 60.500000000000007 418.00000000000006 145.50000000000003 55.500000000000007 94116.500000000015 0.62873771488430086 49.500000000000007
decision_type=2 2 2 2 2 2 2 2 2 2 2
left_child=1 -1 4 5 7 -2 8 10 9 -7 -3
right_child=3 2 -4 -5 -6 6 -8 -9 -10 -11 -12
leaf_value=0.051544994224732001 0.050034656874900676 -0.050019316917019968 -0.050516325766703341 0.050046762888675538 -0.050028513712112227 0.050037984146017789 0.050040097934784672 -0.050019628472669588 0.050037846281235081 0.050037984219281309 -0.050019316917014646
leaf_weight=0.029075276106595993 0.015876286255661398 0.58942764363018796 0.030349535867571831 0.015868698596023023 0.0078455794136971235 0.23287380568217486 0.016012939333450049 0.01057546166703105 0.016627033357508481 0.30872853117762133 0.0092640887014567852
leaf_count=1 23 1527 3 17 14 307 20 27 22 407 24
internal_value=-0.000451918 -0.0456768 -0.0500427 0.0500382 -0.0500194 0.0500379 0.050038 -0.0500193 0.050038 0.050038 -0.0500193
internal_weight=1.28252 0.676538 0.647462 0.605987 0.617113 0.590119 0.574242 0.609267 0.558229 0.541602 0.598692
internal_count=2392 1596 1595 796 1592 779 756 1578 736 714 1551
is_linear=0
shrinkage=0.05


Tree=136
num_leaves=12
num_cat=0
split_feature=1 0 1 3 1 1 4 1 3 1 1
split_gain=1.11421 0.109246 2.45739e-06 4.13127e-10 2.25449e-10 6.09804e-11 2.40045e-11 3.51386e-13 1.06248e-13 1.11022e-16 3.46945e-18
threshold=107.00000000000001 0.99965409380652703 63.500000000000007 97253.500000000015 60.500000000000007 418.00000000000006 145.50000000000003 55.500000000000007 94116.500000000015 49.500000000000007 53.500000000000007
decision_type=2 2 2 2 2 2 2 2 2 2 2
left_child=1 -1 4 5 7 -2 8 9 -7 -3 -11
right_child=3 2 -4 -5 -6 6 -8 -9 -10 10 -12
leaf_value=0.051467373753932691 0.050032962267846051 -0.050018372949311656 -0.05049089150676022 0.050044478483278081 -0.050027124168693399 0.050036130846230813 0.050038140054917406 -0.050018671085475142 0.050035999325265035 -0.050018372949307215 -0.050018372949308915
leaf_weight=0.027697917073965073 0.015102489036507905 0.54086322494549677 0.028883546590805054 0.015095444105099887 0.0074631482711993149 0.51520668785087764 0.015232559700962156 0.010059878200991079 0.015816692262887955 0.011015544296242297 0.017624870873987675
leaf_count=1 23 1473 3 17 14 714 20 27 22 30 48
internal_value=-0.000451925 -0.0456722 -0.0500406 0.0500363 -0.0500185 0.0500361 0.0500362 -0.0500184 0.0500361 -0.0500184 -0.0500184
internal_weight=1.22006 0.643608 0.61591 0.576454 0.587027 0.561358 0.546256 0.579564 0.531023 0.569504 0.0286404
internal_count=2392 1596 1595 796 1592 779 756 1578 736 1551 78
is_linear=0
shrinkage=0.05


Tree=137
num_leaves=17
num_cat=0
split_feature=1 0 1 3 1 1 4 1 3 4 0 0 3 0 1 2
split_gain=1.0598 0.103902 2.11392e-06 3.55727e-10 1.93945e-10 5.22563e-11 2.06837e-11 2.98317e-13 8.71525e-14 2.22045e-16 5.55112e-17 5.55112e-17 1.11022e-16 1.38778e-17 1.38778e-17 3.46945e-18
threshold=107.00000000000001 0.99965409380652703 63.500000000000007 97253.500000000015 60.500000000000007 418.00000000000006 145.50000000000003 55.500000000000007 94116.500000000015 10208.000000000002 1.4483427736912706 1.1043601064248179 91148.500000000015 1.3864234074659121 2830.0000000000005 49.500000000000007
decision_type=2 2 2 2 2 2 2 2 2 2 2 2 2 2 2 2
left_child=1 -1 4 5 7 -2 8 9 10 -3 11 12 -7 14 -13 -11
right_child=3 2 -4 -5 -6 6 -8 -9 -10 15 -12 13 -14 -15 -16 -17
leaf_value=0.051393761517164009 0.050031358412480548 -0.050017477308246128 -0.050466725071461709 0.050042307840989869 -0.050025799425315924 0.050034365338929777 0.050036277893286789 -0.050017758970743814 0.050034243354386755 -0.050017477308243047 0.050034367995764086 0.050034366144422651 0.050034368946165565 0.050034365471972833 0.050034365315117325 -0.050017477308240271
leaf_weight=0.026383858174085617 0.014366381685249507 0.51763755711726844 0.027487705461680889 0.014359837688971311 0.007099349459167569 0.35281463904539123 0.014490185014437884 0.0095694220799487084 0.015045818348880857 0.015717739588581026 0.01578744116704911 0.024024320940952748 0.013728165125939995 0.016473820607643574 0.06726823141798377 0.0083827944472432137
leaf_count=1 23 1482 3 17 14 514 20 27 22 45 23 35 20 24 98 24
internal_value=-0.000451932 -0.0456678 -0.0500387 0.0500345 -0.0500176 0.0500343 0.0500344 -0.0500175 0.0500344 -0.0500175 0.0500344 0.0500344 0.0500344 0.0500344 0.0500344 -0.0500175
internal_weight=1.16064 0.612278 0.585895 0.548359 0.558407 0.533999 0.519633 0.551308 0.505142 0.541738 0.490097 0.474309 0.366543 0.107766 0.0912926 0.0241005
internal_count=2392 1596 1595 796 1592 779 756 1578 736 1551 714 691 534 157 133 69
is_linear=0
shrinkage=0.05


Tree=138
num_leaves=14
num_cat=0
split_feature=1 0 1 3 1 1 4 1 3 0 0 1 1
split_gain=1.00805 0.09882 1.81846e-06 3.06045e-10 1.66989e-10 4.49539e-11 1.77399e-11 2.639e-13 7.63278e-14 1.11022e-16 5.55112e-17 5.55112e-17 3.46945e-18
threshold=107.00000000000001 0.99965409380652703 63.500000000000007 97253.500000000015 60.500000000000007 418.00000000000006 145.50000000000003 55.500000000000007 94116.500000000015 6.5000000000000009 1.3893950327465656 5586.5000000000009 5786.5000000000009
decision_type=2 2 2 2 2 2 2 2 2 2 2 2 2
left_child=1 -1 4 5 7 -2 8 9 10 -3 11 -7 -12
right_child=3 2 -4 -5 -6 6 -8 -9 -10 -11 12 -13 -14
leaf_value=0.05132394405448866 0.050029829753943059 -0.050016621179964409 -0.050443750973955974 0.050040242609147294 -0.050024538788844865 0.050032689651279307 0.050034505354375536 -0.05001689280536098 0.050032572316356549 -0.050016621179960447 0.050032689508395949 0.050032689454074124 0.050032689685360454
leaf_weight=0.025130381807684898 0.013666131941135973 0.50303240126231685 0.026158721186220646 0.01366005017189309 0.0067532758694142095 0.25008140405407175 0.013783965609036386 0.009102869255002588 0.014312490762677044 0.012293394218431786 0.016323853051289916 0.18674518924672157 0.013059100776445121
leaf_count=1 23 1514 3 17 14 383 20 27 22 37 25 286 20
internal_value=-0.000451939 -0.0456636 -0.0500368 0.0500329 -0.0500167 0.0500327 0.0500327 -0.0500166 0.0500327 -0.0500166 0.0500327 0.0500327 0.0500327
internal_weight=1.1041 0.582471 0.557341 0.521632 0.531182 0.507972 0.494306 0.524429 0.480522 0.515326 0.46621 0.436827 0.029383
internal_count=2392 1596 1595 796 1592 779 756 1578 736 1551 714 669 45
is_linear=0
shrinkage=0.05


Tree=139
num_leaves=15
num_cat=0
split_feature=1 0 1 3 1 1 4 1 3 0 1 1 1 1
split_gain=0.958828 0.0939876 1.56439e-06 2.63261e-10 1.43879e-10 3.88682e-11 1.53103e-11 2.2754e-13 6.42264e-14 1.11022e-16 5.55112e-17 1.38778e-17 6.93889e-18 6.93889e-18
threshold=107.00000000000001 0.99965409380652703 63.500000000000007 97253.500000000015 60.500000000000007 418.00000000000006 145.50000000000003 55.500000000000007 94116.500000000015 0.58453096677139682 28.500000000000004 34.500000000000007 54.500000000000007 53.500000000000007
decision_type=2 2 2 2 2 2 2 2 2 2 2 2 2 2
left_child=1 -1 4 5 7 -2 8 10 9 -7 -3 -12 13 -13
right_child=3 2 -4 -5 -6 6 -8 -9 -10 -11 11 12 -14 -15
leaf_value=0.051257706751043686 0.050028367511467109 -0.050015810959490314 -0.050421927265652269 0.05003827634005318 -0.050023346257942983 0.050031093990779429 0.050032823576468891 -0.05001606951929486 0.05003098371197761 0.050031093988154363 -0.050015810959485485 -0.050015810959488795 -0.050015810959483556 -0.050015810959484097
leaf_weight=0.023934869095683098 0.01299999636830762 0.43425912573002279 0.024893444962799549 0.012994338816497475 0.0064240641659125677 0.17391607724130154 0.013112143496982753 0.0086590560676995665 0.013614884170237929 0.26956995652290061 0.010113749653100967 0.030657303635962307 0.0072692575631663195 0.0079013669164851308
leaf_count=1 23 1374 3 17 14 280 20 27 22 434 32 97 23 25
internal_value=-0.000451945 -0.0456596 -0.050035 0.0500313 -0.0500159 0.0500311 0.0500311 -0.0500158 0.0500311 0.0500311 -0.0500158 -0.0500158 -0.0500158 -0.0500158
internal_weight=1.05032 0.554112 0.530177 0.496207 0.505284 0.483213 0.470213 0.49886 0.457101 0.443486 0.490201 0.0559417 0.0458279 0.0385587
internal_count=2392 1596 1595 796 1592 779 756 1578 736 714 1551 177 145 122
is_linear=0
shrinkage=0.05


Tree=140
num_leaves=16
num_cat=0
split_feature=1 0 1 3 1 1 4 1 3 1 0 1 3 3 2
split_gain=0.912014 0.0893922 1.3458e-06 2.26808e-10 1.23734e-10 3.32704e-11 1.32491e-11 1.94511e-13 5.51226e-14 1.11022e-16 5.55112e-17 5.55112e-17 5.55112e-17 5.55112e-17 1.73472e-18
threshold=107.00000000000001 0.99965409380652703 63.500000000000007 97253.500000000015 60.500000000000007 418.00000000000006 145.50000000000003 55.500000000000007 94116.500000000015 2453.0000000000005 4.5000000000000009 837.50000000000011 91148.500000000015 87452.500000000015 9.5000000000000018
decision_type=2 2 2 2 2 2 2 2 2 2 2 2 2 2 2
left_child=1 -1 4 5 7 -2 8 10 9 11 -3 -7 13 -11 -12
right_child=3 2 -4 -5 -6 6 -8 -9 -10 12 14 -13 -14 -15 -16
leaf_value=0.051194865573739312 0.050026988261822461 -0.050015038598423815 -0.050401175668565015 0.050036409903676228 -0.050022203304477909 0.05002957715908684 0.05003122402775767 -0.050015283717454777 0.05002946953682761 0.050029574032462512 -0.050015038598417987 0.050029574167054239 0.050029578994313123 0.050029574032458994 -0.050015038598416356
leaf_weight=0.022794794291257858 0.012366311973892152 0.45126820870791562 0.023688878864049911 0.012361047382000834 0.0061108947847969821 0.022452052216976881 0.012473045790102333 0.0082368752337060869 0.012951259966939688 0.30783501203404739 0.0084180611884221435 0.066175658837892115 0.011817068560048938 0.013589645444881171 0.0066141909337602564
leaf_count=1 23 1501 3 17 14 38 20 27 22 521 28 112 20 23 22
internal_value=-0.000451953 -0.0456559 -0.0500333 0.0500297 -0.0500151 0.0500295 0.0500296 -0.050015 0.0500296 0.0500296 -0.050015 0.0500296 0.0500296 0.0500296 -0.050015
internal_weight=0.999153 0.527132 0.504337 0.472021 0.480648 0.45966 0.447294 0.474537 0.434821 0.421869 0.4663 0.0886277 0.333242 0.321425 0.0150323
internal_count=2392 1596 1595 796 1592 779 756 1578 736 714 1551 150 564 544 50
is_linear=0
shrinkage=0.05


Tree=141
num_leaves=12
num_cat=0
split_feature=1 0 1 3 1 1 4 1 3 0 0
split_gain=0.867489 0.0850221 1.15777e-06 1.95163e-10 1.06395e-10 2.87138e-11 1.13096e-11 1.64313e-13 4.89608e-14 1.11022e-16 5.55112e-17
threshold=107.00000000000001 0.99965409380652703 63.500000000000007 97253.500000000015 60.500000000000007 418.00000000000006 145.50000000000003 55.500000000000007 94116.500000000015 1.4483427736912706 5.5000000000000009
decision_type=2 2 2 2 2 2 2 2 2 2 2
left_child=1 -1 4 5 7 -2 8 10 9 -7 -3
right_child=3 2 -4 -5 -6 6 -8 -9 -10 -11 -12
leaf_value=0.051135234219763195 0.050025669308416003 -0.050014308363136376 -0.05038145662104309 0.050034633724474566 -0.050021120230981764 0.050028132862980294 0.050029695516203655 -0.050014539338965242 0.050028031651408782 0.05002813274387953 -0.05001430836313242
leaf_weight=0.021707726642489433 0.011763502436224371 0.43126762809697539 0.022542156279087067 0.011758599022869021 0.0058129855897277585 0.3883786621154286 0.011865080916322768 0.007835271506337449 0.012319964938797057 0.012927233707159758 0.012297419103560969
leaf_count=1 23 1508 3 17 14 691 20 27 22 23 43
internal_value=-0.000451959 -0.0456523 -0.0500316 0.0500283 -0.0500144 0.0500281 0.0500282 -0.0500143 0.0500281 0.0500281 -0.0500143
internal_weight=0.950476 0.501463 0.479755 0.449013 0.457213 0.437254 0.425491 0.4514 0.413626 0.401306 0.443565
internal_count=2392 1596 1595 796 1592 779 756 1578 736 714 1551
is_linear=0
shrinkage=0.05


Tree=142
num_leaves=12
num_cat=0
split_feature=1 0 1 3 1 1 4 1 3 0 0
split_gain=0.825139 0.0808662 9.96075e-07 1.67852e-10 9.16798e-11 2.47313e-11 9.78806e-12 1.4666e-13 4.11338e-14 5.55112e-17 5.55112e-17
threshold=107.00000000000001 0.99965409380652703 63.500000000000007 97253.500000000015 60.500000000000007 418.00000000000006 145.50000000000003 55.500000000000007 94116.500000000015 8.5000000000000018 1.4483427736912706
decision_type=2 2 2 2 2 2 2 2 2 2 2
left_child=1 -1 4 5 7 -2 8 9 10 -3 -7
right_child=3 2 -4 -5 -6 6 -8 -9 -10 -11 -12
leaf_value=0.051078642816366676 0.050024416130995189 -0.050013608196070883 -0.05036271495180944 0.05003294168808442 -0.05002009153883779 0.050026760191100243 0.050028250750229257 -0.050013831969180848 0.050026665085111159 -0.050013608196063014 0.050026760076531063
leaf_weight=0.020671328529715538 0.011190062388777733 0.41568088997155428 0.021450540516525507 0.011185493727680296 0.0055295939673669628 0.36944710620446131 0.011286732333246619 0.0074532441503833971 0.011719425150658935 0.006256976746954023 0.012297094508539885
leaf_count=1 23 1528 3 17 14 691 20 27 22 23 23
internal_value=-0.000451963 -0.0456488 -0.0500301 0.0500269 -0.0500137 0.0500267 0.0500268 -0.0500136 0.0500268 -0.0500136 0.0500268
internal_weight=0.904168 0.477043 0.456371 0.427126 0.434921 0.41594 0.40475 0.429391 0.393464 0.421938 0.381744
internal_count=2392 1596 1595 796 1592 779 756 1578 736 1551 714
is_linear=0
shrinkage=0.05


Tree=143
num_leaves=15
num_cat=0
split_feature=1 0 1 3 1 1 4 1 3 0 0 0 0 1
split_gain=0.784859 0.0769139 8.56979e-07 1.44646e-10 7.88871e-11 2.12771e-11 8.39057e-12 1.27232e-13 3.69704e-14 2.22045e-16 5.55112e-17 5.55112e-17 5.55112e-17 1.38778e-17
threshold=107.00000000000001 0.99965409380652703 63.500000000000007 97253.500000000015 60.500000000000007 418.00000000000006 145.50000000000003 55.500000000000007 94116.500000000015 1.4250639614110894 1.4983697265223261 1.3793790605609788 1.3233138187032887 7.5000000000000009
decision_type=2 2 2 2 2 2 2 2 2 2 2 2 2 2
left_child=1 -1 4 5 7 -2 8 10 9 11 -3 12 -7 -12
right_child=3 2 -4 -5 -6 6 -8 -9 -10 -11 13 -13 -14 -15
leaf_value=0.051024928506671702 0.050023224414210844 -0.05001294487608389 -0.050344902966009734 0.050031337147101673 -0.05001911109927322 0.050025453459613768 0.050026868675440664 -0.050013158597604093 0.050025361355716808 0.050025459014759632 -0.050012944876081225 0.050025455485714 0.050025453809784327 -0.050012944876080857
leaf_weight=0.0196833536028862 0.010644563706591725 0.36772372925770469 0.020411423407495022 0.010640303778927773 0.0052600129856728009 0.32499105943134055 0.010736560798250139 0.0070898382400628171 0.011148145014885813 0.014749216905329376 0.017855691286968067 0.012206225714180619 0.011189062322955579 0.015785466210218146
leaf_count=1 23 1421 3 17 14 639 20 27 22 29 69 24 22 61
internal_value=-0.000451967 -0.0456456 -0.0500286 0.0500256 -0.050013 0.0500254 0.0500255 -0.0500129 0.0500255 0.0500255 -0.0500129 0.0500255 0.0500255 -0.0500129
internal_weight=0.860115 0.45381 0.434126 0.406305 0.413715 0.395665 0.38502 0.408455 0.374284 0.363136 0.401365 0.348386 0.33618 0.0336412
internal_count=2392 1596 1595 796 1592 779 756 1578 736 714 1551 685 661 130
is_linear=0
shrinkage=0.05


Tree=144
num_leaves=18
num_cat=0
split_feature=1 0 1 3 1 1 4 1 3 0 1 1 1 1 1 1 3
split_gain=0.746547 0.0731552 7.37263e-07 1.24383e-10 6.77658e-11 1.83902e-11 7.21861e-12 1.00642e-13 3.28071e-14 5.55112e-17 1.11022e-16 5.55112e-17 5.55112e-17 6.93889e-18 3.46945e-18 1.73472e-18 1.73472e-18
threshold=107.00000000000001 0.99965409380652703 63.500000000000007 97253.500000000015 60.500000000000007 418.00000000000006 145.50000000000003 55.500000000000007 94116.500000000015 1.4236101521506221 837.50000000000011 14.500000000000002 8.5000000000000018 25.500000000000004 10.500000000000002 18.500000000000004 4784.5000000000009
decision_type=2 2 2 2 2 2 2 2 2 2 2 2 2 2 2 2 2
left_child=1 -1 4 5 7 -2 8 11 9 10 -7 12 -3 15 16 -13 -14
right_child=3 2 -4 -5 -6 6 -8 -9 -10 -11 -12 13 14 -15 -16 -17 -18
leaf_value=0.050973942044996806 0.050022090481949215 -0.050012319687131802 -0.050327964361735693 0.050029809247666181 -0.050018179242152586 0.050024212523120337 0.050025561189498996 -0.050012514504013408 0.050024126401773866 0.050024213134213007 0.050024215943656053 -0.050012319687122733 -0.050012319687122733 -0.050012319687130914 -0.050012319687127021 -0.05001231968712351 -0.050012319687122303
leaf_weight=0.018741639330983162 0.010125645960215479 0.30228497332427651 0.019422315526753664 0.010121671424712986 0.0050035700551234177 0.018384107359452173 0.010213192901574075 0.0067441468709148458 0.010604698996758088 0.014997831196524203 0.31205163325648755 0.005415528838057071 0.005415528838057071 0.047508957533864304 0.010092576470924541 0.0059078496415168047 0.0051693684363272041
leaf_count=1 23 1228 3 17 14 38 20 27 22 31 645 22 22 193 41 24 21
internal_value=-0.000451975 -0.0456425 -0.0500272 0.0500243 -0.0500124 0.0500242 0.0500243 -0.0500123 0.0500242 0.0500242 0.0500242 -0.0500123 -0.0500123 -0.0500123 -0.0500123 -0.0500123 -0.0500123
internal_weight=0.818205 0.431706 0.412965 0.386499 0.393543 0.376377 0.366251 0.388539 0.356038 0.345434 0.330436 0.381795 0.322962 0.0588323 0.0206775 0.0113234 0.0105849
internal_count=2392 1596 1595 796 1592 779 756 1578 736 714 683 1551 1312 239 84 46 43
is_linear=0
shrinkage=0.05


Tree=145
num_leaves=15
num_cat=0
split_feature=1 0 1 3 1 1 4 1 3 0 0 0 0 0
split_gain=0.710106 0.0695805 6.34336e-07 1.07133e-10 5.83367e-11 1.57883e-11 6.19693e-12 9.1982e-14 2.68119e-14 5.55112e-17 5.55112e-17 5.55112e-17 1.38778e-17 6.93889e-18
threshold=107.00000000000001 0.99965409380652703 63.500000000000007 97253.500000000015 60.500000000000007 418.00000000000006 145.50000000000003 55.500000000000007 94116.500000000015 6.5000000000000009 1.4517543992024373 1.1489145312667779 1.3934123784738939 1.2227140864869901
decision_type=2 2 2 2 2 2 2 2 2 2 2 2 2 2
left_child=1 -1 4 5 7 -2 8 9 10 -3 11 -7 13 -13
right_child=3 2 -4 -5 -6 6 -8 -9 -10 -11 -12 12 -14 -15
leaf_value=0.050925538834235652 0.050021012921622698 -0.050011714478206237 -0.050311865485036668 0.0500283544808688 -0.050017288791450877 0.050023031777321092 0.050024310094092278 -0.050011905459510765 0.050022949011767938 -0.05001171447820061 0.050023031808047416 0.050023031830168846 0.0500230318135267 0.05002303182131939
leaf_weight=0.017844116315245628 0.0096320146112702787 0.35451485434896313 0.018480840604752302 0.0096283043385483325 0.0047596253571100524 0.25588001025607809 0.0097153262177016586 0.0064153073763009152 0.010087733244290575 0.0086638372595189139 0.0096645437297411263 0.019789284822763875 0.0096645414305385202 0.033595775516005233
leaf_count=1 23 1514 3 17 14 556 20 27 22 37 21 43 21 73
internal_value=-0.000451978 -0.0456395 -0.0500259 0.0500231 -0.0500118 0.050023 0.0500231 -0.0500117 0.050023 -0.0500117 0.050023 0.050023 0.050023 0.050023
internal_weight=0.778336 0.410679 0.392834 0.367658 0.374354 0.358029 0.348397 0.369594 0.338682 0.363179 0.328594 0.31893 0.0630496 0.0533851
internal_count=2392 1596 1595 796 1592 779 756 1578 736 1551 714 693 137 116
is_linear=0
shrinkage=0.05


Tree=146
num_leaves=13
num_cat=0
split_feature=1 0 1 3 1 1 4 1 3 1 2 3
split_gain=0.675446 0.0661809 5.45788e-07 9.2122e-11 5.02807e-11 1.35739e-11 5.33595e-12 7.72715e-14 2.37033e-14 5.55112e-17 6.93889e-18 6.93889e-18
threshold=107.00000000000001 0.99965409380652703 63.500000000000007 97253.500000000015 60.500000000000007 418.00000000000006 145.50000000000003 55.500000000000007 94116.500000000015 12.500000000000002 49.500000000000007 501750.00000000006
decision_type=2 2 2 2 2 2 2 2 2 2 2 2
left_child=1 -1 4 5 7 -2 8 9 -7 -3 11 -11
right_child=3 2 -4 -5 -6 6 -8 -9 -10 10 -12 -13
leaf_value=0.050879589570547272 0.050019989263857173 -0.05001114225745712 -0.050296564678274459 0.050026969183330161 -0.05001644831085067 0.050021908575890922 0.050023124741864204 -0.050011321762640629 0.050021828878402619 -0.050011142257456211 -0.050011142257447953 -0.050011142257449286
leaf_weight=0.016988791525363922 0.0091624387132469565 0.28778039495227858 0.017584732733666897 0.0091589732910506427 0.004527570155914872 0.31257526521221735 0.0092417177511379123 0.0061024983879178754 0.0095959579339250922 0.046107230460620485 0.0053457658505067221 0.0062367268255911759
leaf_count=1 23 1292 3 17 14 714 20 27 22 207 24 28
internal_value=-0.000451983 -0.0456367 -0.0500246 0.050022 -0.0500112 0.0500219 0.0500219 -0.0500111 0.0500219 -0.0500111 -0.0500111 -0.0500111
internal_weight=0.740408 0.390674 0.373685 0.349734 0.3561 0.340575 0.331413 0.351573 0.322171 0.34547 0.0576897 0.052344
internal_count=2392 1596 1595 796 1592 779 756 1578 736 1551 259 235
is_linear=0
shrinkage=0.05


Tree=147
num_leaves=11
num_cat=0
split_feature=1 0 1 3 1 1 4 1 3 0
split_gain=0.642479 0.0629477 4.69605e-07 7.93458e-11 4.32517e-11 1.16609e-11 4.60165e-12 6.95555e-14 2.10387e-14 5.55112e-17
threshold=107.00000000000001 0.99965409380652703 63.500000000000007 97253.500000000015 60.500000000000007 418.00000000000006 145.50000000000003 55.500000000000007 94116.500000000015 1.3263954075509696
decision_type=2 2 2 2 2 2 2 2 2 2
left_child=1 -1 4 5 7 -2 8 -3 9 -7
right_child=3 2 -4 -5 -6 6 -8 -9 -10 -11
leaf_value=0.050835957071687192 0.050019016379488794 -0.050010597355702048 -0.05028201706721655 0.05002565577421704 -0.050015643182806373 0.050020840292268588 0.050021998233977939 -0.050010771915634328 0.050020763245974292 0.050020840344666112
leaf_weight=0.01617375947535038 0.0087157468078657985 0.32862482528435066 0.016731832176446915 0.0087125084246508777 0.0043068254017271093 0.2673534078639932 0.0087911869632080197 0.0058049384533660478 0.0091281471541151404 0.029983571817865595
leaf_count=1 23 1551 3 17 14 642 20 27 22 72
internal_value=-0.000451987 -0.0456341 -0.0500234 0.0500209 -0.0500107 0.0500208 0.0500209 -0.0500106 0.0500208 0.0500208
internal_weight=0.704327 0.371642 0.355468 0.332685 0.338737 0.323972 0.315256 0.33443 0.306465 0.297337
internal_count=2392 1596 1595 796 1592 779 756 1578 736 714
is_linear=0
shrinkage=0.05


Tree=148
num_leaves=11
num_cat=0
split_feature=1 0 1 3 1 1 4 1 3 0
split_gain=0.611122 0.0598727 4.0406e-07 6.82723e-11 3.72545e-11 1.00361e-11 3.95806e-12 5.70655e-14 1.63203e-14 5.55112e-17
threshold=107.00000000000001 0.99965409380652703 63.500000000000007 97253.500000000015 60.500000000000007 418.00000000000006 145.50000000000003 55.500000000000007 94116.500000000015 6.5000000000000009
decision_type=2 2 2 2 2 2 2 2 2 2
left_child=1 -1 4 5 7 -2 8 9 -7 -3
right_child=3 2 -4 -5 -6 6 -8 -9 -10 -11
leaf_value=0.050794520839603001 0.050018087161916705 -0.050010082840298044 -0.050268189722441584 0.050024401920128372 -0.050014884239646687 0.050019821965165967 0.050020923158129671 -0.05001024505684392 0.050019752458946881 -0.050010082840291507
leaf_weight=0.015397189185023308 0.0082908245676662773 0.3051434715744108 0.015920079778879881 0.0082877966633532196 0.0040968398097902528 0.28284129122039303 0.008362610824406147 0.0055218849884113288 0.00868313352111727 0.007457271101884543
leaf_count=1 23 1514 3 17 14 714 20 27 22 37
internal_value=-0.000451992 -0.0456315 -0.0500223 0.0500199 -0.0500101 0.0500198 0.0500199 -0.0500101 0.0500198 -0.0500101
internal_weight=0.670002 0.353537 0.33814 0.316466 0.322219 0.308178 0.299887 0.318123 0.291524 0.312601
internal_count=2392 1596 1595 796 1592 779 756 1578 736 1551
is_linear=0
shrinkage=0.05


Tree=149
num_leaves=17
num_cat=0
split_feature=1 0 1 3 1 1 4 1 3 0 0 1 1 1 1 1
split_gain=0.581297 0.0569482 3.47666e-07 5.88178e-11 3.20529e-11 8.65924e-12 3.42065e-12 4.89053e-14 1.45439e-14 1.11022e-16 5.55112e-17 5.55112e-17 2.77556e-17 2.77556e-17 3.46945e-18 1.73472e-18
threshold=107.00000000000001 0.99965409380652703 63.500000000000007 97253.500000000015 60.500000000000007 418.00000000000006 145.50000000000003 55.500000000000007 94116.500000000015 1.3821548274960491 1.3196350579974616 51.500000000000007 970.00000000000011 7168.5000000000009 681.00000000000011 54.500000000000007
decision_type=2 2 2 2 2 2 2 2 2 2 2 2 2 2 2 2
left_child=1 -1 4 5 7 -2 8 11 9 10 12 -3 14 -14 -7 -13
right_child=3 2 -4 -5 -6 6 -8 -9 -10 -11 -12 15 13 -15 -16 -17
leaf_value=0.050755169623738439 0.050017201330954698 -0.050009590201978517 -0.050255039882833641 0.050023212100571923 -0.050014156517857192 0.050018854425965015 0.050019903123394563 -0.050009744069208821 0.050018786150212304 0.050018856680329397 0.050018854098674792 -0.050009590201972765 0.050018853152364789 0.050018853062607088 0.050018855640807228 -0.050009590201967338
leaf_weight=0.014657327905297279 0.0078866123803891242 0.28451262944145128 0.01514750998467207 0.0078837787441443652 0.0038970897730905554 0.0090435323654673994 0.0079549196816515177 0.0052526306099025524 0.008259807393187657 0.018841179553419352 0.010174246999667957 0.0084356844308786094 0.15525146396248601 0.067074666585540399 0.0086669511802028865 0.0044095623161410922
leaf_count=1 23 1484 3 17 14 24 20 27 22 50 27 44 412 178 23 23
internal_value=-0.000451995 -0.0456291 -0.0500212 0.050019 -0.0500097 0.0500188 0.0500189 -0.0500096 0.0500189 0.0500189 0.0500189 -0.0500096 0.0500189 0.0500189 0.0500189 -0.0500096
internal_weight=0.63735 0.336312 0.321655 0.301037 0.306508 0.293153 0.285267 0.302611 0.277312 0.269052 0.250211 0.297358 0.240037 0.222326 0.0177105 0.0128452
internal_count=2392 1596 1595 796 1592 779 756 1578 736 714 664 1551 637 590 47 67
is_linear=0
shrinkage=0.05


end of trees

feature_importances:
spkts=953
sbytes=364
dur=292
dbytes=151
dpkts=26
sttl=2

parameters:
[boosting: gbdt]
[objective: binary]
[metric: binary_logloss]
[tree_learner: serial]
[device_type: cpu]
[data_sample_strategy: bagging]
[data: ]
[valid: ]
[num_iterations: 150]
[learning_rate: 0.05]
[num_leaves: 31]
[num_threads: 0]
[seed: 0]
[deterministic: 0]
[force_col_wise: 0]
[force_row_wise: 0]
[histogram_pool_size: -1]
[max_depth: -1]
[min_data_in_leaf: 20]
[min_sum_hessian_in_leaf: 0.001]
[bagging_fraction: 1]
[pos_bagging_fraction: 1]
[neg_bagging_fraction: 1]
[bagging_freq: 0]
[bagging_seed: 3]
[bagging_by_query: 0]
[feature_fraction: 1]
[feature_fraction_bynode: 1]
[feature_fraction_seed: 2]
[extra_trees: 0]
[extra_seed: 6]
[early_stopping_round: 0]
[early_stopping_min_delta: 0]
[first_metric_only: 0]
[max_delta_step: 0]
[lambda_l1: 0]
[lambda_l2: 0]
[linear_lambda: 0]
[min_gain_to_split: 0]
[drop_rate: 0.1]
[max_drop: 50]
[skip_drop: 0.5]
[xgboost_dart_mode: 0]
[uniform_drop: 0]
[drop_seed: 4]
[top_rate: 0.2]
[other_rate: 0.1]
[min_data_per_group: 100]
[max_cat_threshold: 32]
[cat_l2: 10]
[cat_smooth: 10]
[max_cat_to_onehot: 4]
[top_k: 20]
[monotone_constraints: ]
[monotone_constraints_method: basic]
[monotone_penalty: 0]
[feature_contri: ]
[forcedsplits_filename: ]
[refit_decay_rate: 0.9]
[cegb_tradeoff: 1]
[cegb_penalty_split: 0]
[cegb_penalty_feature_lazy: ]
[cegb_penalty_feature_coupled: ]
[path_smooth: 0]
[interaction_constraints: ]
[verbosity: -1]
[saved_feature_importance_type: 0]
[use_quantized_grad: 0]
[num_grad_quant_bins: 4]
[quant_train_renew_leaf: 0]
[stochastic_rounding: 1]
[linear_tree: 0]
[max_bin: 255]
[max_bin_by_feature: ]
[min_data_in_bin: 3]
[bin_construct_sample_cnt: 200000]
[data_random_seed: 1]
[is_enable_sparse: 1]
[enable_bundle: 1]
[use_missing: 1]
[zero_as_missing: 0]
[feature_pre_filter: 1]
[pre_partition: 0]
[two_round: 0]
[header: 0]
[label_column: ]
[weight_column: ]
[group_column: ]
[ignore_column: ]
[categorical_feature: ]
[forcedbins_filename: ]
[precise_float_parser: 0]
[parser_config_file: ]
[objective_seed: 5]
[num_class: 1]
[is_unbalance: 0]
[scale_pos_weight: 1]
[sigmoid: 1]
[boost_from_average: 1]
[reg_sqrt: 0]
[alpha: 0.9]
[fair_c: 1]
[poisson_max_delta_step: 0.7]
[tweedie_variance_power: 1.5]
[lambdarank_truncation_level: 30]
[lambdarank_norm: 1]
[label_gain: ]
[lambdarank_position_bias_regularization: 0]
[eval_at: ]
[multi_error_top_k: 1]
[auc_mu_weights: ]
[num_machines: 1]
[local_listen_port: 12400]
[time_out: 120]
[machine_list_filename: ]
[machines: ]
[gpu_platform_id: -1]
[gpu_device_id: -1]
[gpu_use_dp: 0]
[num_gpu: 1]

end of parameters

pandas_categorical:[]
